year,state,may_customers,june_customers,change_customers,change_pct,contribution_to_net_customer_change_pct,state_first_order_rule,change_rate_defined,change_rate_rank,small_may_base,absolute_change_rank
2017,SP,1337,1259,-78,-5.833956619296933,19.35483870967742,state on each customer's first delivered-order timestamp in that month; order_id breaks timestamp ties,True,25.0,False,1
2017,RJ,459,393,-66,-14.379084967320262,16.377171215880892,state on each customer's first delivered-order timestamp in that month; order_id breaks timestamp ties,True,19.0,False,2
2017,MG,406,348,-58,-14.285714285714286,14.392059553349876,state on each customer's first delivered-order timestamp in that month; order_id breaks timestamp ties,True,20.0,False,3
2017,PR,202,164,-38,-18.81188118811881,9.429280397022332,state on each customer's first delivered-order timestamp in that month; order_id breaks timestamp ties,True,18.0,False,4
2017,SC,145,107,-38,-26.20689655172414,9.429280397022332,state on each customer's first delivered-order timestamp in that month; order_id breaks timestamp ties,True,15.0,False,5
2017,PE,60,40,-20,-33.333333333333336,4.962779156327543,state on each customer's first delivered-order timestamp in that month; order_id breaks timestamp ties,True,10.0,False,6
2017,CE,62,43,-19,-30.64516129032258,4.714640198511166,state on each customer's first delivered-order timestamp in that month; order_id breaks timestamp ties,True,11.0,False,7
2017,BA,116,100,-16,-13.793103448275861,3.970223325062035,state on each customer's first delivered-order timestamp in that month; order_id breaks timestamp ties,True,21.0,False,8
2017,MA,31,15,-16,-51.61290322580645,3.970223325062035,state on each customer's first delivered-order timestamp in that month; order_id breaks timestamp ties,True,4.0,False,9
2017,AL,24,10,-14,-58.333333333333336,3.4739454094292803,state on each customer's first delivered-order timestamp in that month; order_id breaks timestamp ties,True,2.0,False,10
2017,MT,36,24,-12,-33.333333333333336,2.977667493796526,state on each customer's first delivered-order timestamp in that month; order_id breaks timestamp ties,True,9.0,False,11
2017,DF,57,68,11,19.29824561403509,-2.729528535980149,state on each customer's first delivered-order timestamp in that month; order_id breaks timestamp ties,True,17.0,False,12
2017,ES,89,79,-10,-11.235955056179776,2.4813895781637716,state on each customer's first delivered-order timestamp in that month; order_id breaks timestamp ties,True,23.0,False,13
2017,GO,81,72,-9,-11.11111111111111,2.2332506203473947,state on each customer's first delivered-order timestamp in that month; order_id breaks timestamp ties,True,24.0,False,14
2017,PI,23,14,-9,-39.130434782608695,2.2332506203473947,state on each customer's first delivered-order timestamp in that month; order_id breaks timestamp ties,True,8.0,False,15
2017,TO,17,8,-9,-52.94117647058823,2.2332506203473947,state on each customer's first delivered-order timestamp in that month; order_id breaks timestamp ties,True,3.0,True,16
2017,RS,202,210,8,3.9603960396039604,-1.9851116625310175,state on each customer's first delivered-order timestamp in that month; order_id breaks timestamp ties,True,26.0,False,17
2017,AM,8,1,-7,-87.5,1.7369727047146402,state on each customer's first delivered-order timestamp in that month; order_id breaks timestamp ties,True,1.0,True,18
2017,PB,17,22,5,29.41176470588235,-1.2406947890818858,state on each customer's first delivered-order timestamp in that month; order_id breaks timestamp ties,True,12.0,True,19
2017,RN,17,12,-5,-29.41176470588235,1.2406947890818858,state on each customer's first delivered-order timestamp in that month; order_id breaks timestamp ties,True,13.0,True,20
2017,AC,8,4,-4,-50.0,0.9925558312655087,state on each customer's first delivered-order timestamp in that month; order_id breaks timestamp ties,True,5.0,True,21
2017,MS,23,26,3,13.043478260869565,-0.7444168734491315,state on each customer's first delivered-order timestamp in that month; order_id breaks timestamp ties,True,22.0,False,22
2017,SE,11,8,-3,-27.272727272727273,0.7444168734491315,state on each customer's first delivered-order timestamp in that month; order_id breaks timestamp ties,True,14.0,True,23
2017,AP,4,2,-2,-50.0,0.49627791563275436,state on each customer's first delivered-order timestamp in that month; order_id breaks timestamp ties,True,6.0,True,24
2017,RO,8,10,2,25.0,-0.49627791563275436,state on each customer's first delivered-order timestamp in that month; order_id breaks timestamp ties,True,16.0,True,25
2017,RR,2,3,1,50.0,-0.24813895781637718,state on each customer's first delivered-order timestamp in that month; order_id breaks timestamp ties,True,7.0,True,26
2017,PA,34,34,0,0.0,-0.0,state on each customer's first delivered-order timestamp in that month; order_id breaks timestamp ties,True,27.0,False,27
2018,SP,3106,2723,-383,-12.330972311654861,60.60126582278481,state on each customer's first delivered-order timestamp in that month; order_id breaks timestamp ties,True,16.0,False,1
2018,RJ,808,703,-105,-12.995049504950495,16.61392405063291,state on each customer's first delivered-order timestamp in that month; order_id breaks timestamp ties,True,13.0,False,2
2018,RS,348,304,-44,-12.64367816091954,6.962025316455696,state on each customer's first delivered-order timestamp in that month; order_id breaks timestamp ties,True,14.0,False,3
2018,BA,237,194,-43,-18.143459915611814,6.80379746835443,state on each customer's first delivered-order timestamp in that month; order_id breaks timestamp ties,True,12.0,False,4
2018,MG,748,705,-43,-5.748663101604278,6.80379746835443,state on each customer's first delivered-order timestamp in that month; order_id breaks timestamp ties,True,23.0,False,5
2018,GO,136,105,-31,-22.794117647058822,4.905063291139241,state on each customer's first delivered-order timestamp in that month; order_id breaks timestamp ties,True,10.0,False,6
2018,SC,225,203,-22,-9.777777777777779,3.481012658227848,state on each customer's first delivered-order timestamp in that month; order_id breaks timestamp ties,True,19.0,False,7
2018,SE,8,24,16,200.0,-2.5316455696202533,state on each customer's first delivered-order timestamp in that month; order_id breaks timestamp ties,True,2.0,True,8
2018,PA,40,54,14,35.0,-2.2151898734177213,state on each customer's first delivered-order timestamp in that month; order_id breaks timestamp ties,True,8.0,False,9
2018,RN,22,35,13,59.09090909090909,-2.0569620253164556,state on each customer's first delivered-order timestamp in that month; order_id breaks timestamp ties,True,4.0,False,10
2018,PE,101,91,-10,-9.900990099009901,1.5822784810126582,state on each customer's first delivered-order timestamp in that month; order_id breaks timestamp ties,True,18.0,False,11
2018,DF,138,147,9,6.521739130434782,-1.4240506329113924,state on each customer's first delivered-order timestamp in that month; order_id breaks timestamp ties,True,21.0,False,12
2018,MA,32,41,9,28.125,-1.4240506329113924,state on each customer's first delivered-order timestamp in that month; order_id breaks timestamp ties,True,9.0,False,13
2018,ES,131,123,-8,-6.106870229007634,1.2658227848101267,state on each customer's first delivered-order timestamp in that month; order_id breaks timestamp ties,True,22.0,False,14
2018,AL,17,24,7,41.1764705882353,-1.1075949367088607,state on each customer's first delivered-order timestamp in that month; order_id breaks timestamp ties,True,6.0,True,15
2018,MT,65,58,-7,-10.76923076923077,1.1075949367088607,state on each customer's first delivered-order timestamp in that month; order_id breaks timestamp ties,True,17.0,False,16
2018,RO,17,11,-6,-35.294117647058826,0.9493670886075949,state on each customer's first delivered-order timestamp in that month; order_id breaks timestamp ties,True,7.0,True,17
2018,AP,6,2,-4,-66.66666666666667,0.6329113924050633,state on each customer's first delivered-order timestamp in that month; order_id breaks timestamp ties,True,3.0,True,18
2018,MS,44,48,4,9.090909090909092,-0.6329113924050633,state on each customer's first delivered-order timestamp in that month; order_id breaks timestamp ties,True,20.0,False,19
2018,RR,1,5,4,400.0,-0.6329113924050633,state on each customer's first delivered-order timestamp in that month; order_id breaks timestamp ties,True,1.0,True,20
2018,PR,307,304,-3,-0.9771986970684039,0.47468354430379744,state on each customer's first delivered-order timestamp in that month; order_id breaks timestamp ties,True,26.0,False,21
2018,AM,9,7,-2,-22.22222222222222,0.31645569620253167,state on each customer's first delivered-order timestamp in that month; order_id breaks timestamp ties,True,11.0,True,22
2018,TO,16,18,2,12.5,-0.31645569620253167,state on each customer's first delivered-order timestamp in that month; order_id breaks timestamp ties,True,15.0,True,23
2018,AC,2,3,1,50.0,-0.15822784810126583,state on each customer's first delivered-order timestamp in that month; order_id breaks timestamp ties,True,5.0,True,24
2018,PB,27,28,1,3.7037037037037037,-0.15822784810126583,state on each customer's first delivered-order timestamp in that month; order_id breaks timestamp ties,True,24.0,False,25
2018,PI,30,29,-1,-3.3333333333333335,0.15822784810126583,state on each customer's first delivered-order timestamp in that month; order_id breaks timestamp ties,True,25.0,False,26
2018,CE,72,72,0,0.0,-0.0,state on each customer's first delivered-order timestamp in that month; order_id breaks timestamp ties,True,27.0,False,27
