purchase_date,period,year,month,month_label,weekday_number_monday_zero,weekday_zh,days_in_month,delivered_orders,daily_unique_customers,monthly_unique_customers,rolling_7_day_average_unique_customers,rolling_average_window_days
2017-05-01,2017-05,2017,5,5 月,0,周一,31,111,109,3479,109.0,1
2017-05-02,2017-05,2017,5,5 月,1,周二,31,122,122,3479,115.5,2
2017-05-03,2017-05,2017,5,5 月,2,周三,31,101,101,3479,110.66666666666667,3
2017-05-04,2017-05,2017,5,5 月,3,周四,31,107,105,3479,109.25,4
2017-05-05,2017-05,2017,5,5 月,4,周五,31,104,103,3479,108.0,5
2017-05-06,2017-05,2017,5,5 月,5,周六,31,103,100,3479,106.66666666666667,6
2017-05-07,2017-05,2017,5,5 月,6,周日,31,102,100,3479,105.71428571428571,7
2017-05-08,2017-05,2017,5,5 月,0,周一,31,120,120,3479,107.28571428571429,7
2017-05-09,2017-05,2017,5,5 月,1,周二,31,120,119,3479,106.85714285714286,7
2017-05-10,2017-05,2017,5,5 月,2,周三,31,109,107,3479,107.71428571428571,7
2017-05-11,2017-05,2017,5,5 月,3,周四,31,124,123,3479,110.28571428571429,7
2017-05-12,2017-05,2017,5,5 月,4,周五,31,105,103,3479,110.28571428571429,7
2017-05-13,2017-05,2017,5,5 月,5,周六,31,67,66,3479,105.42857142857143,7
2017-05-14,2017-05,2017,5,5 月,6,周日,31,108,108,3479,106.57142857142857,7
2017-05-15,2017-05,2017,5,5 月,0,周一,31,149,146,3479,110.28571428571429,7
2017-05-16,2017-05,2017,5,5 月,1,周二,31,149,146,3479,114.14285714285714,7
2017-05-17,2017-05,2017,5,5 月,2,周三,31,139,138,3479,118.57142857142857,7
2017-05-18,2017-05,2017,5,5 月,3,周四,31,124,122,3479,118.42857142857143,7
2017-05-19,2017-05,2017,5,5 月,4,周五,31,140,135,3479,123.0,7
2017-05-20,2017-05,2017,5,5 月,5,周六,31,70,70,3479,123.57142857142857,7
2017-05-21,2017-05,2017,5,5 月,6,周日,31,145,141,3479,128.28571428571428,7
2017-05-22,2017-05,2017,5,5 月,0,周一,31,145,142,3479,127.71428571428571,7
2017-05-23,2017-05,2017,5,5 月,1,周二,31,120,120,3479,124.0,7
2017-05-24,2017-05,2017,5,5 月,2,周三,31,140,137,3479,123.85714285714286,7
2017-05-25,2017-05,2017,5,5 月,3,周四,31,103,102,3479,121.0,7
2017-05-26,2017-05,2017,5,5 月,4,周五,31,77,76,3479,112.57142857142857,7
2017-05-27,2017-05,2017,5,5 月,5,周六,31,77,76,3479,113.42857142857143,7
2017-05-28,2017-05,2017,5,5 月,6,周日,31,98,98,3479,107.28571428571429,7
2017-05-29,2017-05,2017,5,5 月,0,周一,31,151,150,3479,108.42857142857143,7
2017-05-30,2017-05,2017,5,5 月,1,周二,31,98,98,3479,105.28571428571429,7
2017-05-31,2017-05,2017,5,5 月,2,周三,31,118,118,3479,102.57142857142857,7
2017-06-01,2017-06,2017,6,6 月,3,周四,30,123,121,3076,105.28571428571429,7
2017-06-02,2017-06,2017,6,6 月,4,周五,30,123,121,3076,111.71428571428571,7
2017-06-03,2017-06,2017,6,6 月,5,周六,30,88,88,3076,113.42857142857143,7
2017-06-04,2017-06,2017,6,6 月,6,周日,30,99,98,3076,113.42857142857143,7
2017-06-05,2017-06,2017,6,6 月,0,周一,30,142,140,3076,112.0,7
2017-06-06,2017-06,2017,6,6 月,1,周二,30,128,124,3076,115.71428571428571,7
2017-06-07,2017-06,2017,6,6 月,2,周三,30,122,121,3076,116.14285714285714,7
2017-06-08,2017-06,2017,6,6 月,3,周四,30,134,131,3076,117.57142857142857,7
2017-06-09,2017-06,2017,6,6 月,4,周五,30,105,103,3076,115.0,7
2017-06-10,2017-06,2017,6,6 月,5,周六,30,72,71,3076,112.57142857142857,7
2017-06-11,2017-06,2017,6,6 月,6,周日,30,111,108,3076,114.0,7
2017-06-12,2017-06,2017,6,6 月,0,周一,30,121,121,3076,111.28571428571429,7
2017-06-13,2017-06,2017,6,6 月,1,周二,30,121,121,3076,110.85714285714286,7
2017-06-14,2017-06,2017,6,6 月,2,周三,30,128,124,3076,111.28571428571429,7
2017-06-15,2017-06,2017,6,6 月,3,周四,30,103,99,3076,106.71428571428571,7
2017-06-16,2017-06,2017,6,6 月,4,周五,30,94,93,3076,105.28571428571429,7
2017-06-17,2017-06,2017,6,6 月,5,周六,30,72,71,3076,105.28571428571429,7
2017-06-18,2017-06,2017,6,6 月,6,周日,30,87,85,3076,102.0,7
2017-06-19,2017-06,2017,6,6 月,0,周一,30,152,148,3076,105.85714285714286,7
2017-06-20,2017-06,2017,6,6 月,1,周二,30,90,90,3076,101.42857142857143,7
2017-06-21,2017-06,2017,6,6 月,2,周三,30,34,34,3076,88.57142857142857,7
2017-06-22,2017-06,2017,6,6 月,3,周四,30,83,82,3076,86.14285714285714,7
2017-06-23,2017-06,2017,6,6 月,4,周五,30,103,102,3076,87.42857142857143,7
2017-06-24,2017-06,2017,6,6 月,5,周六,30,74,73,3076,87.71428571428571,7
2017-06-25,2017-06,2017,6,6 月,6,周日,30,99,96,3076,89.28571428571429,7
2017-06-26,2017-06,2017,6,6 月,0,周一,30,67,65,3076,77.42857142857143,7
2017-06-27,2017-06,2017,6,6 月,1,周二,30,140,140,3076,84.57142857142857,7
2017-06-28,2017-06,2017,6,6 月,2,周三,30,117,117,3076,96.42857142857143,7
2017-06-29,2017-06,2017,6,6 月,3,周四,30,110,108,3076,100.14285714285714,7
2017-06-30,2017-06,2017,6,6 月,4,周五,30,93,93,3076,98.85714285714286,7
2018-05-01,2018-05,2018,5,5 月,1,周二,31,252,252,6693,252.0,1
2018-05-02,2018-05,2018,5,5 月,2,周三,31,287,286,6693,269.0,2
2018-05-03,2018-05,2018,5,5 月,3,周四,31,300,297,6693,278.3333333333333,3
2018-05-04,2018-05,2018,5,5 月,4,周五,31,262,262,6693,274.25,4
2018-05-05,2018-05,2018,5,5 月,5,周六,31,192,192,6693,257.8,5
2018-05-06,2018-05,2018,5,5 月,6,周日,31,206,205,6693,249.0,6
2018-05-07,2018-05,2018,5,5 月,0,周一,31,363,362,6693,265.14285714285717,7
2018-05-08,2018-05,2018,5,5 月,1,周二,31,323,323,6693,275.2857142857143,7
2018-05-09,2018-05,2018,5,5 月,2,周三,31,335,333,6693,282.0,7
2018-05-10,2018-05,2018,5,5 月,3,周四,31,273,271,6693,278.2857142857143,7
2018-05-11,2018-05,2018,5,5 月,4,周五,31,244,244,6693,275.7142857142857,7
2018-05-12,2018-05,2018,5,5 月,5,周六,31,200,200,6693,276.85714285714283,7
2018-05-13,2018-05,2018,5,5 月,6,周日,31,205,204,6693,276.7142857142857,7
2018-05-14,2018-05,2018,5,5 月,0,周一,31,355,355,6693,275.7142857142857,7
2018-05-15,2018-05,2018,5,5 月,1,周二,31,348,347,6693,279.14285714285717,7
2018-05-16,2018-05,2018,5,5 月,2,周三,31,351,350,6693,281.57142857142856,7
2018-05-17,2018-05,2018,5,5 月,3,周四,31,224,223,6693,274.7142857142857,7
2018-05-18,2018-05,2018,5,5 月,4,周五,31,232,231,6693,272.85714285714283,7
2018-05-19,2018-05,2018,5,5 月,5,周六,31,137,135,6693,263.57142857142856,7
2018-05-20,2018-05,2018,5,5 月,6,周日,31,158,158,6693,257.0,7
2018-05-21,2018-05,2018,5,5 月,0,周一,31,199,199,6693,234.71428571428572,7
2018-05-22,2018-05,2018,5,5 月,1,周二,31,195,195,6693,213.0,7
2018-05-23,2018-05,2018,5,5 月,2,周三,31,132,132,6693,181.85714285714286,7
2018-05-24,2018-05,2018,5,5 月,3,周四,31,113,113,6693,166.14285714285714,7
2018-05-25,2018-05,2018,5,5 月,4,周五,31,103,103,6693,147.85714285714286,7
2018-05-26,2018-05,2018,5,5 月,5,周六,31,99,99,6693,142.71428571428572,7
2018-05-27,2018-05,2018,5,5 月,6,周日,31,100,98,6693,134.14285714285714,7
2018-05-28,2018-05,2018,5,5 月,0,周一,31,142,142,6693,126.0,7
2018-05-29,2018-05,2018,5,5 月,1,周二,31,149,149,6693,119.42857142857143,7
2018-05-30,2018-05,2018,5,5 月,2,周三,31,138,138,6693,120.28571428571429,7
2018-05-31,2018-05,2018,5,5 月,3,周四,31,132,131,6693,122.85714285714286,7
2018-06-01,2018-06,2018,6,6 月,4,周五,30,184,182,6061,134.14285714285714,7
2018-06-02,2018-06,2018,6,6 月,5,周六,30,141,141,6061,140.14285714285714,7
2018-06-03,2018-06,2018,6,6 月,6,周日,30,189,188,6061,153.0,7
2018-06-04,2018-06,2018,6,6 月,0,周一,30,222,219,6061,164.0,7
2018-06-05,2018-06,2018,6,6 月,1,周二,30,196,194,6061,170.42857142857142,7
2018-06-06,2018-06,2018,6,6 月,2,周三,30,227,226,6061,183.0,7
2018-06-07,2018-06,2018,6,6 月,3,周四,30,223,223,6061,196.14285714285714,7
2018-06-08,2018-06,2018,6,6 月,4,周五,30,195,195,6061,198.0,7
2018-06-09,2018-06,2018,6,6 月,5,周六,30,169,169,6061,202.0,7
2018-06-10,2018-06,2018,6,6 月,6,周日,30,190,190,6061,202.28571428571428,7
2018-06-11,2018-06,2018,6,6 月,0,周一,30,294,294,6061,213.0,7
2018-06-12,2018-06,2018,6,6 月,1,周二,30,244,244,6061,220.14285714285714,7
2018-06-13,2018-06,2018,6,6 月,2,周三,30,253,253,6061,224.0,7
2018-06-14,2018-06,2018,6,6 月,3,周四,30,211,211,6061,222.28571428571428,7
2018-06-15,2018-06,2018,6,6 月,4,周五,30,182,181,6061,220.28571428571428,7
2018-06-16,2018-06,2018,6,6 月,5,周六,30,162,161,6061,219.14285714285714,7
2018-06-17,2018-06,2018,6,6 月,6,周日,30,151,151,6061,213.57142857142858,7
2018-06-18,2018-06,2018,6,6 月,0,周一,30,243,242,6061,206.14285714285714,7
2018-06-19,2018-06,2018,6,6 月,1,周二,30,228,228,6061,203.85714285714286,7
2018-06-20,2018-06,2018,6,6 月,2,周三,30,216,216,6061,198.57142857142858,7
2018-06-21,2018-06,2018,6,6 月,3,周四,30,232,231,6061,201.42857142857142,7
2018-06-22,2018-06,2018,6,6 月,4,周五,30,177,177,6061,200.85714285714286,7
2018-06-23,2018-06,2018,6,6 月,5,周六,30,149,148,6061,199.0,7
2018-06-24,2018-06,2018,6,6 月,6,周日,30,198,198,6061,205.71428571428572,7
2018-06-25,2018-06,2018,6,6 月,0,周一,30,238,238,6061,205.14285714285714,7
2018-06-26,2018-06,2018,6,6 月,1,周二,30,238,238,6061,206.57142857142858,7
2018-06-27,2018-06,2018,6,6 月,2,周三,30,214,214,6061,206.28571428571428,7
2018-06-28,2018-06,2018,6,6 月,3,周四,30,239,238,6061,207.28571428571428,7
2018-06-29,2018-06,2018,6,6 月,4,周五,30,171,170,6061,206.28571428571428,7
2018-06-30,2018-06,2018,6,6 月,5,周六,30,123,122,6061,202.57142857142858,7
