category_rank,year,product_rank,category,product_id,all_categories,product_label,sales_status,may_item_rows,june_item_rows,may_merchandise_cents,june_merchandise_cents,may_amount_brl,june_amount_brl,may_avg_price_brl_per_item,june_avg_price_brl_per_item,amount_change_cents,amount_change_brl,amount_change_pct,volume_contribution_cents,price_contribution_cents,entry_exit_cents,volume_contribution_brl,price_contribution_brl,entry_exit_brl
1,2017,1,health_beauty,9453bde60c4ee52155c963641736cfc5,health_beauty,9453bde60c4ee52155c963641736cfc5,仅5月销售,11,0,508999,0,5089.99,0.0,462.7263636363636,,-508999,-5089.99,-100.0,,,-508999,,,-5089.99
1,2017,2,health_beauty,1d16c0509e7011656e03c6a582ff6667,health_beauty,1d16c0509e7011656e03c6a582ff6667,仅5月销售,4,0,304000,0,3040.0,0.0,760.0,,-304000,-3040.0,-100.0,,,-304000,,,-3040.0
1,2017,3,health_beauty,27535386be7362e36d9e78c2afb8c0e5,health_beauty,27535386be7362e36d9e78c2afb8c0e5,仅6月销售,0,2,0,239980,0.0,2399.8,,1199.9,239980,2399.8,,,,239980,,,2399.8
1,2017,4,health_beauty,951aee2eea1136dd1f2cb63241c90ab7,health_beauty,951aee2eea1136dd1f2cb63241c90ab7,仅5月销售,1,0,224900,0,2249.0,0.0,2249.0,,-224900,-2249.0,-100.0,,,-224900,,,-2249.0
1,2017,5,health_beauty,aaccb76bf4427c9196a531cb10a79458,health_beauty,aaccb76bf4427c9196a531cb10a79458,仅5月销售,1,0,185000,0,1850.0,0.0,1850.0,,-185000,-1850.0,-100.0,,,-185000,,,-1850.0
1,2017,6,health_beauty,aef8207c2e91f4fcdbc0824737abf358,health_beauty,aef8207c2e91f4fcdbc0824737abf358,仅6月销售,0,5,0,149995,0.0,1499.95,,299.99,149995,1499.95,,,,149995,,,1499.95
1,2017,7,health_beauty,ae347727b83d554247d6cc36029a8392,health_beauty,ae347727b83d554247d6cc36029a8392,仅5月销售,1,0,135900,0,1359.0,0.0,1359.0,,-135900,-1359.0,-100.0,,,-135900,,,-1359.0
1,2017,8,health_beauty,11bbef4e2a44601d9dd471aa1fb433e6,health_beauty,11bbef4e2a44601d9dd471aa1fb433e6,两月均有销量,7,3,231993,98997,2319.93,989.97,331.41857142857145,329.99,-132996,-1329.96,-57.32759178078649,-132282,-714,,-1322.82,-7.14,
1,2017,9,health_beauty,b6af69cb42f5e5e78bcf59f9be1b61a7,health_beauty,b6af69cb42f5e5e78bcf59f9be1b61a7,仅5月销售,3,0,119700,0,1197.0,0.0,399.0,,-119700,-1197.0,-100.0,,,-119700,,,-1197.0
1,2017,10,health_beauty,9fc063fd34fed29ccc57b7f8e8d03388,health_beauty,9fc063fd34fed29ccc57b7f8e8d03388,仅5月销售,3,0,111000,0,1110.0,0.0,370.0,,-111000,-1110.0,-100.0,,,-111000,,,-1110.0
2,2017,1,auto,fd0065af7f09af4b82a0ca8f3eed1852,auto,fd0065af7f09af4b82a0ca8f3eed1852,仅6月销售,0,8,0,1599992,0.0,15999.92,,1999.99,1599992,15999.92,,,,1599992,,,15999.92
2,2017,2,auto,ace4686a281385c082500437e5e73b61,auto,ace4686a281385c082500437e5e73b61,仅5月销售,2,0,239998,0,2399.98,0.0,1199.99,,-239998,-2399.98,-100.0,,,-239998,,,-2399.98
2,2017,3,auto,f22c9d6ce2431ff939aad39e026cc7ef,auto,f22c9d6ce2431ff939aad39e026cc7ef,两月均有销量,2,1,239980,119990,2399.8,1199.9,1199.9,1199.9,-119990,-1199.9,-50.0,-119990,0,,-1199.9,0.0,
2,2017,4,auto,958cf0f5527f413e08d0cde6bfdbdde2,auto,958cf0f5527f413e08d0cde6bfdbdde2,仅5月销售,4,0,103600,0,1036.0,0.0,259.0,,-103600,-1036.0,-100.0,,,-103600,,,-1036.0
2,2017,5,auto,f4f67ccaece962d013a4e1d7dc3a61f7,auto,f4f67ccaece962d013a4e1d7dc3a61f7,两月均有销量,4,8,96440,192880,964.4,1928.8,241.1,241.1,96440,964.4,100.0,96440,0,,964.4,0.0,
2,2017,6,auto,2820a0ee65a765e5dbb7ef1da30d2f4f,auto,2820a0ee65a765e5dbb7ef1da30d2f4f,仅6月销售,0,2,0,75980,0.0,759.8,,379.9,75980,759.8,,,,75980,,,759.8
2,2017,7,auto,89d845908f978f6a8d8b8779ef177216,auto,89d845908f978f6a8d8b8779ef177216,仅5月销售,1,0,74900,0,749.0,0.0,749.0,,-74900,-749.0,-100.0,,,-74900,,,-749.0
2,2017,8,auto,136bcac25276c164961c1fea9c7b48ac,auto,136bcac25276c164961c1fea9c7b48ac,仅5月销售,1,0,73990,0,739.9,0.0,739.9,,-73990,-739.9,-100.0,,,-73990,,,-739.9
2,2017,9,auto,926059cf1853879e8f148194b151ed49,auto,926059cf1853879e8f148194b151ed49,仅6月销售,0,2,0,64200,0.0,642.0,,321.0,64200,642.0,,,,64200,,,642.0
2,2017,10,auto,dfb97c88e066dc22165f31648efe1312,auto,dfb97c88e066dc22165f31648efe1312,仅5月销售,4,0,55600,0,556.0,0.0,139.0,,-55600,-556.0,-100.0,,,-55600,,,-556.0
3,2017,1,watches_gifts,6bc9ae87edf6ad4063076624b8ad0268,watches_gifts,6bc9ae87edf6ad4063076624b8ad0268,仅5月销售,1,0,167200,0,1672.0,0.0,1672.0,,-167200,-1672.0,-100.0,,,-167200,,,-1672.0
3,2017,2,watches_gifts,c10d7c70907ad6d09ada0581ef6bf839,watches_gifts,c10d7c70907ad6d09ada0581ef6bf839,仅5月销售,8,0,167120,0,1671.2,0.0,208.9,,-167120,-1671.2,-100.0,,,-167120,,,-1671.2
3,2017,3,watches_gifts,d2e131d6f19ae0d665fc1a6c420b4f4c,watches_gifts,d2e131d6f19ae0d665fc1a6c420b4f4c,仅5月销售,2,0,156899,0,1568.99,0.0,784.495,,-156899,-1568.99,-100.0,,,-156899,,,-1568.99
3,2017,4,watches_gifts,d389bacae4eb98af95b782dae3b7f03a,watches_gifts,d389bacae4eb98af95b782dae3b7f03a,仅5月销售,2,0,151800,0,1518.0,0.0,759.0,,-151800,-1518.0,-100.0,,,-151800,,,-1518.0
3,2017,5,watches_gifts,a7c87b1bbdd51e0d68b0307cffd03d47,watches_gifts,a7c87b1bbdd51e0d68b0307cffd03d47,仅6月销售,0,1,0,150000,0.0,1500.0,,1500.0,150000,1500.0,,,,150000,,,1500.0
3,2017,6,watches_gifts,2cfd372900c7c65e4c4ed2ccf7a1cfd4,watches_gifts,2cfd372900c7c65e4c4ed2ccf7a1cfd4,仅6月销售,0,2,0,139335,0.0,1393.35,,696.675,139335,1393.35,,,,139335,,,1393.35
3,2017,7,watches_gifts,add32d15ff7c76396b982686227d9553,watches_gifts,add32d15ff7c76396b982686227d9553,仅6月销售,0,1,0,134900,0.0,1349.0,,1349.0,134900,1349.0,,,,134900,,,1349.0
3,2017,8,watches_gifts,4e5e41fb7d296a6f776c63fee5cb9fac,watches_gifts,4e5e41fb7d296a6f776c63fee5cb9fac,仅5月销售,2,0,133800,0,1338.0,0.0,669.0,,-133800,-1338.0,-100.0,,,-133800,,,-1338.0
3,2017,9,watches_gifts,8af2faad4d636a6f4f1d465cda23268f,watches_gifts,8af2faad4d636a6f4f1d465cda23268f,仅5月销售,1,0,125000,0,1250.0,0.0,1250.0,,-125000,-1250.0,-100.0,,,-125000,,,-1250.0
3,2017,10,watches_gifts,a6b4a230f7ca939eb68485292f8b3389,watches_gifts,a6b4a230f7ca939eb68485292f8b3389,仅5月销售,1,0,116944,0,1169.44,0.0,1169.44,,-116944,-1169.44,-100.0,,,-116944,,,-1169.44
4,2017,1,computers_accessories,fe59a1e006df3ac42bf0ceb876d70969,computers_accessories,fe59a1e006df3ac42bf0ceb876d70969,仅5月销售,5,0,402730,0,4027.3,0.0,805.46,,-402730,-4027.3,-100.0,,,-402730,,,-4027.3
4,2017,2,computers_accessories,470433f95ba906e17efac3fce39e9ffd,computers_accessories,470433f95ba906e17efac3fce39e9ffd,仅6月销售,0,1,0,299989,0.0,2999.89,,2999.89,299989,2999.89,,,,299989,,,2999.89
4,2017,3,computers_accessories,a233df9a388d27dbdfd31731d4236db0,computers_accessories,a233df9a388d27dbdfd31731d4236db0,仅6月销售,0,1,0,264999,0.0,2649.99,,2649.99,264999,2649.99,,,,264999,,,2649.99
4,2017,4,computers_accessories,e272c7b6c21c38e8ee510666a28460d4,computers_accessories,e272c7b6c21c38e8ee510666a28460d4,两月均有销量,3,1,359700,119900,3597.0,1199.0,1199.0,1199.0,-239800,-2398.0,-66.66666666666667,-239800,0,,-2398.0,0.0,
4,2017,5,computers_accessories,5fc3e6a4b52b0c414458104ed4037f1c,computers_accessories,5fc3e6a4b52b0c414458104ed4037f1c,两月均有销量,19,2,169100,17800,1691.0,178.0,89.0,89.0,-151300,-1513.0,-89.47368421052632,-151300,0,,-1513.0,0.0,
4,2017,6,computers_accessories,4f47791b7d4e127b53fdfceea592e926,computers_accessories,4f47791b7d4e127b53fdfceea592e926,仅6月销售,0,2,0,149980,0.0,1499.8,,749.9,149980,1499.8,,,,149980,,,1499.8
4,2017,7,computers_accessories,472a528b441c91f23491342237364565,computers_accessories,472a528b441c91f23491342237364565,仅6月销售,0,1,0,129999,0.0,1299.99,,1299.99,129999,1299.99,,,,129999,,,1299.99
4,2017,8,computers_accessories,fa126ff62aae83e37857ad495641c878,computers_accessories,fa126ff62aae83e37857ad495641c878,两月均有销量,7,1,139250,19550,1392.5,195.5,198.92857142857142,195.5,-119700,-1197.0,-85.9605026929982,-118329,-1371,,-1183.29,-13.71,
4,2017,9,computers_accessories,870bcc6c58e03ca658cfdd13db4bbe28,computers_accessories,870bcc6c58e03ca658cfdd13db4bbe28,仅5月销售,7,0,101493,0,1014.93,0.0,144.99,,-101493,-1014.93,-100.0,,,-101493,,,-1014.93
4,2017,10,computers_accessories,a17923e795430dfd9d8e9d5bf444cee2,computers_accessories,a17923e795430dfd9d8e9d5bf444cee2,仅5月销售,1,0,99990,0,999.9,0.0,999.9,,-99990,-999.9,-100.0,,,-99990,,,-999.9
5,2017,1,toys,ffdde3d63e889c9a9f9ec30d82a4c815,toys,ffdde3d63e889c9a9f9ec30d82a4c815,仅5月销售,1,0,144900,0,1449.0,0.0,1449.0,,-144900,-1449.0,-100.0,,,-144900,,,-1449.0
5,2017,2,toys,dc404a1496a08f9f5540c8b5d4b92925,toys,dc404a1496a08f9f5540c8b5d4b92925,两月均有销量,1,5,34999,169977,349.99,1699.77,349.99,339.954,134978,1349.78,385.66244749849994,137989,-3011,,1379.89,-30.11,
5,2017,3,toys,58327c5dd67068015c5a9c5eeb51d848,toys,58327c5dd67068015c5a9c5eeb51d848,仅6月销售,0,1,0,72900,0.0,729.0,,729.0,72900,729.0,,,,72900,,,729.0
5,2017,4,toys,3d36ef6c6d553500f4240920658689e3,toys,3d36ef6c6d553500f4240920658689e3,仅5月销售,2,0,57998,0,579.98,0.0,289.99,,-57998,-579.98,-100.0,,,-57998,,,-579.98
5,2017,5,toys,23a8c3849cf3f25b1962e056d459deb7,toys,23a8c3849cf3f25b1962e056d459deb7,仅5月销售,1,0,51999,0,519.99,0.0,519.99,,-51999,-519.99,-100.0,,,-51999,,,-519.99
5,2017,6,toys,4af813a3e5bc89370ef80fe126542076,toys,4af813a3e5bc89370ef80fe126542076,仅5月销售,1,0,47999,0,479.99,0.0,479.99,,-47999,-479.99,-100.0,,,-47999,,,-479.99
5,2017,7,toys,70d01ae15a5d5ee38388b90c0470d9b0,toys,70d01ae15a5d5ee38388b90c0470d9b0,两月均有销量,6,1,53994,8999,539.94,89.99,89.99,89.99,-44995,-449.95,-83.33333333333333,-44995,0,,-449.95,0.0,
5,2017,8,toys,b5e13c9a353102f79c6206ff5cb61a50,toys,b5e13c9a353102f79c6206ff5cb61a50,仅6月销售,0,5,0,44950,0.0,449.5,,89.9,44950,449.5,,,,44950,,,449.5
5,2017,9,toys,e38bfda757257dee1985af625f8911fc,toys,e38bfda757257dee1985af625f8911fc,仅5月销售,1,0,39999,0,399.99,0.0,399.99,,-39999,-399.99,-100.0,,,-39999,,,-399.99
5,2017,10,toys,fd1e94b07608d8b4a74b0c81dd4fe10e,toys,fd1e94b07608d8b4a74b0c81dd4fe10e,仅5月销售,1,0,37999,0,379.99,0.0,379.99,,-37999,-379.99,-100.0,,,-37999,,,-379.99
6,2017,1,art,1bdf5e6731585cf01aa8169c7028d6ad,art,1bdf5e6731585cf01aa8169c7028d6ad,仅5月销售,1,0,649900,0,6499.0,0.0,6499.0,,-649900,-6499.0,-100.0,,,-649900,,,-6499.0
6,2017,2,art,2338a290bd0581fde51b770baeddb0a6,art,2338a290bd0581fde51b770baeddb0a6,仅5月销售,2,0,13980,0,139.8,0.0,69.9,,-13980,-139.8,-100.0,,,-13980,,,-139.8
6,2017,3,art,50a64d6b01398039142e3e0be6f2fca4,art,50a64d6b01398039142e3e0be6f2fca4,仅5月销售,1,0,11990,0,119.9,0.0,119.9,,-11990,-119.9,-100.0,,,-11990,,,-119.9
6,2017,4,art,7aa0cae255d70952492eb4b58b4815e7,art,7aa0cae255d70952492eb4b58b4815e7,仅5月销售,1,0,11990,0,119.9,0.0,119.9,,-11990,-119.9,-100.0,,,-11990,,,-119.9
6,2017,5,art,f3c5f7d4a6b87b94a7ce5fa1c1b2ca10,art,f3c5f7d4a6b87b94a7ce5fa1c1b2ca10,仅6月销售,0,1,0,9000,0.0,90.0,,90.0,9000,90.0,,,,9000,,,90.0
6,2017,6,art,d3d10495159bcc41173e3d26a273529a,art,d3d10495159bcc41173e3d26a273529a,两月均有销量,1,2,4865,9730,48.65,97.3,48.65,48.65,4865,48.65,100.0,4865,0,,48.65,0.0,
6,2017,7,art,3262a0950995f2a891ec1fdfe6f5a133,art,3262a0950995f2a891ec1fdfe6f5a133,仅6月销售,0,1,0,1300,0.0,13.0,,13.0,1300,13.0,,,,1300,,,13.0
6,2017,8,art,056d07eb7d9c446e3780a3a7f102190d,该年无销量,056d07eb7d9c446e3780a3a7f102190d,该年无销量,0,0,0,0,0.0,0.0,,,0,0.0,,,,,,,
6,2017,9,art,0745c4686dc8b30d30a5546c781d1e96,该年无销量,0745c4686dc8b30d30a5546c781d1e96,该年无销量,0,0,0,0,0.0,0.0,,,0,0.0,,,,,,,
6,2017,10,art,141807ad4a13efebac9bbd9609137182,该年无销量,141807ad4a13efebac9bbd9609137182,该年无销量,0,0,0,0,0.0,0.0,,,0,0.0,,,,,,,
7,2017,1,(unknown),0e030462875259ec0cb868f7ecf1fd5e,(unknown),0e030462875259ec0cb868f7ecf1fd5e,仅5月销售,1,0,274000,0,2740.0,0.0,2740.0,,-274000,-2740.0,-100.0,,,-274000,,,-2740.0
7,2017,2,(unknown),f9a1a72d4069bf9570e29b9c620bef07,(unknown),f9a1a72d4069bf9570e29b9c620bef07,仅6月销售,0,1,0,115900,0.0,1159.0,,1159.0,115900,1159.0,,,,115900,,,1159.0
7,2017,3,(unknown),8ef13bdd5d6da4bc50df1aaa486bf922,(unknown),8ef13bdd5d6da4bc50df1aaa486bf922,仅5月销售,1,0,69999,0,699.99,0.0,699.99,,-69999,-699.99,-100.0,,,-69999,,,-699.99
7,2017,4,(unknown),e3b4b906fc11fd64318e4923a3d4594f,(unknown),e3b4b906fc11fd64318e4923a3d4594f,仅5月销售,1,0,62990,0,629.9,0.0,629.9,,-62990,-629.9,-100.0,,,-62990,,,-629.9
7,2017,5,(unknown),e034d967d446f193a9d72f30a282c312,(unknown),e034d967d446f193a9d72f30a282c312,仅6月销售,0,1,0,57000,0.0,570.0,,570.0,57000,570.0,,,,57000,,,570.0
7,2017,6,(unknown),f849624adffb78b4cd40066ecf73aaeb,(unknown),f849624adffb78b4cd40066ecf73aaeb,仅5月销售,2,0,43980,0,439.8,0.0,219.9,,-43980,-439.8,-100.0,,,-43980,,,-439.8
7,2017,7,(unknown),c638e232871cb1e760eaa7e724bc3eb2,(unknown),c638e232871cb1e760eaa7e724bc3eb2,仅5月销售,2,0,39000,0,390.0,0.0,195.0,,-39000,-390.0,-100.0,,,-39000,,,-390.0
7,2017,8,(unknown),f0ea71b6e2ab4cb3bd8f5ba522a25a56,(unknown),f0ea71b6e2ab4cb3bd8f5ba522a25a56,仅5月销售,3,0,37440,0,374.4,0.0,124.8,,-37440,-374.4,-100.0,,,-37440,,,-374.4
7,2017,9,(unknown),89dacd5290cff31247fa3e2412c08e02,(unknown),89dacd5290cff31247fa3e2412c08e02,仅5月销售,1,0,34999,0,349.99,0.0,349.99,,-34999,-349.99,-100.0,,,-34999,,,-349.99
7,2017,10,(unknown),bb80645f347f26e0a4da138c7b2745aa,(unknown),bb80645f347f26e0a4da138c7b2745aa,仅6月销售,0,1,0,34300,0.0,343.0,,343.0,34300,343.0,,,,34300,,,343.0
8,2017,1,furniture_decor,276f08e98f8f7711c2785ce40fc9d4d9,furniture_decor,276f08e98f8f7711c2785ce40fc9d4d9,仅6月销售,0,4,0,105600,0.0,1056.0,,264.0,105600,1056.0,,,,105600,,,1056.0
8,2017,2,furniture_decor,3d77287739b6bf1ac163ce2d77570ada,furniture_decor,3d77287739b6bf1ac163ce2d77570ada,仅5月销售,2,0,89980,0,899.8,0.0,449.9,,-89980,-899.8,-100.0,,,-89980,,,-899.8
8,2017,3,furniture_decor,c234a60a994181f45605566bef8fe3b4,furniture_decor,c234a60a994181f45605566bef8fe3b4,仅5月销售,6,0,65940,0,659.4,0.0,109.9,,-65940,-659.4,-100.0,,,-65940,,,-659.4
8,2017,4,furniture_decor,cf78006a2a6b0429b9663edd99bb38f9,furniture_decor,cf78006a2a6b0429b9663edd99bb38f9,仅6月销售,0,2,0,59998,0.0,599.98,,299.99,59998,599.98,,,,59998,,,599.98
8,2017,5,furniture_decor,44c015f31e165a805a0c68a2124e2e90,furniture_decor,44c015f31e165a805a0c68a2124e2e90,仅5月销售,1,0,56995,0,569.95,0.0,569.95,,-56995,-569.95,-100.0,,,-56995,,,-569.95
8,2017,6,furniture_decor,5b22ee51ed70519e97ac231091d12a51,furniture_decor,5b22ee51ed70519e97ac231091d12a51,仅6月销售,0,1,0,45570,0.0,455.7,,455.7,45570,455.7,,,,45570,,,455.7
8,2017,7,furniture_decor,e11b7abd9eb82a586a144e97594bc05f,furniture_decor,e11b7abd9eb82a586a144e97594bc05f,仅5月销售,2,0,41412,0,414.12,0.0,207.06,,-41412,-414.12,-100.0,,,-41412,,,-414.12
8,2017,8,furniture_decor,f18f40e6344e72cfd537f21d9745e8cc,furniture_decor,f18f40e6344e72cfd537f21d9745e8cc,仅5月销售,1,0,39999,0,399.99,0.0,399.99,,-39999,-399.99,-100.0,,,-39999,,,-399.99
8,2017,9,furniture_decor,82ff671ac04e6599dbfb28ead3369f59,furniture_decor,82ff671ac04e6599dbfb28ead3369f59,仅6月销售,0,1,0,39994,0.0,399.94,,399.94,39994,399.94,,,,39994,,,399.94
8,2017,10,furniture_decor,ee8c064d6aa1ff4a130e616fab03e284,furniture_decor,ee8c064d6aa1ff4a130e616fab03e284,仅5月销售,2,0,39980,0,399.8,0.0,199.9,,-39980,-399.8,-100.0,,,-39980,,,-399.8
9,2017,1,cool_stuff,5f504b3a1c75b73d6151be81eb05bdc9,cool_stuff,5f504b3a1c75b73d6151be81eb05bdc9,两月均有销量,2,7,114400,400400,1144.0,4004.0,572.0,572.0,286000,2860.0,250.0,286000,0,,2860.0,0.0,
9,2017,2,cool_stuff,122bedead6e7541d311e6e0ab3cf248f,cool_stuff,122bedead6e7541d311e6e0ab3cf248f,仅6月销售,0,1,0,264900,0.0,2649.0,,2649.0,264900,2649.0,,,,264900,,,2649.0
9,2017,3,cool_stuff,1ed724b5e4b638eeb4bd3487d88b8f28,cool_stuff,1ed724b5e4b638eeb4bd3487d88b8f28,仅6月销售,0,1,0,264900,0.0,2649.0,,2649.0,264900,2649.0,,,,264900,,,2649.0
9,2017,4,cool_stuff,ab50aa8d9af0addb7f96149c8b8cee86,cool_stuff,ab50aa8d9af0addb7f96149c8b8cee86,仅6月销售,0,1,0,249999,0.0,2499.99,,2499.99,249999,2499.99,,,,249999,,,2499.99
9,2017,5,cool_stuff,65841ad29fc48cd40902e03da7511e05,cool_stuff,65841ad29fc48cd40902e03da7511e05,仅5月销售,2,0,169800,0,1698.0,0.0,849.0,,-169800,-1698.0,-100.0,,,-169800,,,-1698.0
9,2017,6,cool_stuff,4f3192a28c9da057319996e1502dc216,cool_stuff,4f3192a28c9da057319996e1502dc216,仅6月销售,0,2,0,99980,0.0,999.8,,499.9,99980,999.8,,,,99980,,,999.8
9,2017,7,cool_stuff,c6dd917a0be2a704582055949915ab32,cool_stuff,c6dd917a0be2a704582055949915ab32,两月均有销量,22,14,219978,139986,2199.78,1399.86,99.99,99.99,-79992,-799.92,-36.36363636363637,-79992,0,,-799.92,0.0,
9,2017,8,cool_stuff,29427de7f8a9ee983d9dbc51cec569b4,cool_stuff,29427de7f8a9ee983d9dbc51cec569b4,两月均有销量,18,11,179982,109989,1799.82,1099.89,99.99,99.99,-69993,-699.93,-38.888888888888886,-69993,0,,-699.93,0.0,
9,2017,9,cool_stuff,11fd9d7ba552e1d28872e008acf1e050,cool_stuff,11fd9d7ba552e1d28872e008acf1e050,两月均有销量,2,7,27980,97930,279.8,979.3,139.9,139.9,69950,699.5,250.0,69950,0,,699.5,0.0,
9,2017,10,cool_stuff,7d839fe5a5adb44e9de8e8358e031a76,cool_stuff,7d839fe5a5adb44e9de8e8358e031a76,仅6月销售,0,1,0,69900,0.0,699.0,,699.0,69900,699.0,,,,69900,,,699.0
10,2017,1,garden_tools,a9e9edb1bcac585bfbfa381ce40e5d99,garden_tools,a9e9edb1bcac585bfbfa381ce40e5d99,仅5月销售,1,0,182000,0,1820.0,0.0,1820.0,,-182000,-1820.0,-100.0,,,-182000,,,-1820.0
10,2017,2,garden_tools,e7c8819338fc9a87e81ea2d90898f612,garden_tools,e7c8819338fc9a87e81ea2d90898f612,仅5月销售,4,0,179600,0,1796.0,0.0,449.0,,-179600,-1796.0,-100.0,,,-179600,,,-1796.0
10,2017,3,garden_tools,f2169c25db6a579fde210bf8ce7ce9d7,garden_tools,f2169c25db6a579fde210bf8ce7ce9d7,仅5月销售,2,0,159800,0,1598.0,0.0,799.0,,-159800,-1598.0,-100.0,,,-159800,,,-1598.0
10,2017,4,garden_tools,dceb3f67aef3484498a7caa4ba50f484,garden_tools,dceb3f67aef3484498a7caa4ba50f484,仅5月销售,3,0,134700,0,1347.0,0.0,449.0,,-134700,-1347.0,-100.0,,,-134700,,,-1347.0
10,2017,5,garden_tools,6ae38d49db7fc65ad1779828542aecba,garden_tools,6ae38d49db7fc65ad1779828542aecba,仅5月销售,6,0,132400,0,1324.0,0.0,220.66666666666669,,-132400,-1324.0,-100.0,,,-132400,,,-1324.0
10,2017,6,garden_tools,38dcb9ae53c258cfba73583f9454d721,garden_tools,38dcb9ae53c258cfba73583f9454d721,仅6月销售,0,1,0,125000,0.0,1250.0,,1250.0,125000,1250.0,,,,125000,,,1250.0
10,2017,7,garden_tools,08574b074924071f4e201e151b152b4e,garden_tools,08574b074924071f4e201e151b152b4e,两月均有销量,19,7,182100,62300,1821.0,623.0,95.8421052631579,89.0,-119800,-1198.0,-65.7880285557386,-110905,-8895,,-1109.05,-88.95,
10,2017,8,garden_tools,0c8862859cb952ee81428f80dc8140d9,garden_tools,0c8862859cb952ee81428f80dc8140d9,仅6月销售,0,1,0,116000,0.0,1160.0,,1160.0,116000,1160.0,,,,116000,,,1160.0
10,2017,9,garden_tools,f522bb1400b17373f48c625ccdcb3a13,garden_tools,f522bb1400b17373f48c625ccdcb3a13,仅6月销售,0,2,0,105000,0.0,1050.0,,525.0,105000,1050.0,,,,105000,,,1050.0
10,2017,10,garden_tools,900a1000340c354f62ee5f07f3a080ac,garden_tools,900a1000340c354f62ee5f07f3a080ac,仅5月销售,5,0,87400,0,874.0,0.0,174.8,,-87400,-874.0,-100.0,,,-87400,,,-874.0
1,2018,1,watches_gifts,53b36df67ebb7c41585e8d54d6772e08,watches_gifts,53b36df67ebb7c41585e8d54d6772e08,两月均有销量,114,9,1182020,107100,11820.2,1071.0,103.68596491228071,119.0,-1074920,-10749.2,-90.93923960677485,-1169101,94181,,-11691.01,941.81,
1,2018,2,watches_gifts,57c9362442482cd2451f2eabf468e532,watches_gifts,57c9362442482cd2451f2eabf468e532,两月均有销量,5,1,495597,86900,4955.97,869.0,991.194,869.0,-408697,-4086.97,-82.46559200318,-372039,-36658,,-3720.39,-366.58,
1,2018,3,watches_gifts,d285360f29ac7fd97640bf0baef03de0,watches_gifts,d285360f29ac7fd97640bf0baef03de0,两月均有销量,19,4,490640,98360,4906.4,983.6,258.23157894736846,245.9,-392280,-3922.8,-79.95271482145769,-378099,-14181,,-3780.99,-141.81,
1,2018,4,watches_gifts,6f3b5b605d91b7439c5e3f5a8dffeea7,watches_gifts,6f3b5b605d91b7439c5e3f5a8dffeea7,两月均有销量,30,3,435500,45790,4355.0,457.9,145.16666666666666,152.63333333333333,-389710,-3897.1,-89.48564867967853,-402030,12320,,-4020.3,123.2,
1,2018,5,watches_gifts,7a10781637204d8d10485c71a6108a2e,watches_gifts,7a10781637204d8d10485c71a6108a2e,仅5月销售,17,0,338300,0,3383.0,0.0,199.0,,-338300,-3383.0,-100.0,,,-338300,,,-3383.0
1,2018,6,watches_gifts,a92930c327948861c015c919a0bcb4a8,watches_gifts,a92930c327948861c015c919a0bcb4a8,两月均有销量,5,39,39000,304200,390.0,3042.0,78.0,78.0,265200,2652.0,680.0,265200,0,,2652.0,0.0,
1,2018,7,watches_gifts,461f43be3bdf8844e65b62d9ac2c7a5a,watches_gifts,461f43be3bdf8844e65b62d9ac2c7a5a,两月均有销量,22,1,259890,13990,2598.9,139.9,118.13181818181818,139.9,-245900,-2459.0,-94.61695332640733,-270933,25033,,-2709.33,250.33,
1,2018,8,watches_gifts,564a04f027fb97b53ca08464632db860,watches_gifts,564a04f027fb97b53ca08464632db860,仅5月销售,1,0,220000,0,2200.0,0.0,2200.0,,-220000,-2200.0,-100.0,,,-220000,,,-2200.0
1,2018,9,watches_gifts,df676834e2a38e1bf267bd85a2dc8e3a,watches_gifts,df676834e2a38e1bf267bd85a2dc8e3a,仅5月销售,1,0,220000,0,2200.0,0.0,2200.0,,-220000,-2200.0,-100.0,,,-220000,,,-2200.0
1,2018,10,watches_gifts,e0d64dcfaa3b6db5c54ca298ae101d05,watches_gifts,e0d64dcfaa3b6db5c54ca298ae101d05,两月均有销量,32,15,424100,207330,4241.0,2073.3,132.53125,138.22,-216770,-2167.7,-51.11294506012733,-230139,13369,,-2301.39,133.69,
2,2018,1,garden_tools,0563d4cc419141eab2e5b438046e844e,garden_tools,0563d4cc419141eab2e5b438046e844e,仅5月销售,1,0,393000,0,3930.0,0.0,3930.0,,-393000,-3930.0,-100.0,,,-393000,,,-3930.0
2,2018,2,garden_tools,86999f823d7791c5796d506ae0ed44ea,garden_tools,86999f823d7791c5796d506ae0ed44ea,仅5月销售,1,0,268900,0,2689.0,0.0,2689.0,,-268900,-2689.0,-100.0,,,-268900,,,-2689.0
2,2018,3,garden_tools,1231bc5d1cab6d3f64357eba69240f63,garden_tools,1231bc5d1cab6d3f64357eba69240f63,仅5月销售,1,0,255000,0,2550.0,0.0,2550.0,,-255000,-2550.0,-100.0,,,-255000,,,-2550.0
2,2018,4,garden_tools,422879e10f46682990de24d770e7f83d,garden_tools,422879e10f46682990de24d770e7f83d,两月均有销量,56,12,298240,59880,2982.4,598.8,53.25714285714285,49.9,-238360,-2383.6,-79.92221030042919,-226946,-11414,,-2269.46,-114.14,
2,2018,5,garden_tools,389d119b48cf3043d311335e499d9c6b,garden_tools,389d119b48cf3043d311335e499d9c6b,两月均有销量,29,6,155910,29940,1559.1,299.4,53.76206896551724,49.9,-125970,-1259.7,-80.79661343082547,-119211,-6759,,-1192.11,-67.59,
2,2018,6,garden_tools,85e8e8aad6ad12d67c21300379760196,garden_tools,85e8e8aad6ad12d67c21300379760196,仅5月销售,1,0,118600,0,1186.0,0.0,1186.0,,-118600,-1186.0,-100.0,,,-118600,,,-1186.0
2,2018,7,garden_tools,06cd420a1b028388e0bf1f78daf20411,garden_tools,06cd420a1b028388e0bf1f78daf20411,仅5月销售,1,0,106900,0,1069.0,0.0,1069.0,,-106900,-1069.0,-100.0,,,-106900,,,-1069.0
2,2018,8,garden_tools,52c80cedd4e90108bf4fa6a206ef6b03,garden_tools,52c80cedd4e90108bf4fa6a206ef6b03,两月均有销量,3,10,53700,159000,537.0,1590.0,179.0,159.0,105300,1053.0,196.08938547486034,118300,-13000,,1183.0,-130.0,
2,2018,9,garden_tools,a9db0b3ccda9daac5d0fca952d5ab30a,garden_tools,a9db0b3ccda9daac5d0fca952d5ab30a,仅5月销售,2,0,99190,0,991.9,0.0,495.95,,-99190,-991.9,-100.0,,,-99190,,,-991.9
2,2018,10,garden_tools,3b04dbc12a3fcaa8402b8dd2b3a909d7,garden_tools,3b04dbc12a3fcaa8402b8dd2b3a909d7,仅5月销售,1,0,98900,0,989.0,0.0,989.0,,-98900,-989.0,-100.0,,,-98900,,,-989.0
3,2018,1,sports_leisure,d65575084607f3d226fb972abc1eb3ce,sports_leisure,d65575084607f3d226fb972abc1eb3ce,仅5月销售,1,0,217000,0,2170.0,0.0,2170.0,,-217000,-2170.0,-100.0,,,-217000,,,-2170.0
3,2018,2,sports_leisure,0bbdc963004d9b2fd3427ee3c5ae3608,sports_leisure,0bbdc963004d9b2fd3427ee3c5ae3608,两月均有销量,9,4,269100,129600,2691.0,1296.0,299.0,324.0,-139500,-1395.0,-51.83946488294314,-155750,16250,,-1557.5,162.5,
3,2018,3,sports_leisure,ad5e26211dacf07063fac8864fb68e4f,sports_leisure,ad5e26211dacf07063fac8864fb68e4f,仅6月销售,0,1,0,119000,0.0,1190.0,,1190.0,119000,1190.0,,,,119000,,,1190.0
3,2018,4,sports_leisure,88b3956a8179086a0c985a39644ec47d,sports_leisure,88b3956a8179086a0c985a39644ec47d,仅5月销售,1,0,100100,0,1001.0,0.0,1001.0,,-100100,-1001.0,-100.0,,,-100100,,,-1001.0
3,2018,5,sports_leisure,87c070a9069fffd77616e3581d8d2ba1,sports_leisure,87c070a9069fffd77616e3581d8d2ba1,仅5月销售,1,0,99900,0,999.0,0.0,999.0,,-99900,-999.0,-100.0,,,-99900,,,-999.0
3,2018,6,sports_leisure,823fbf290afe6e92a33834f5ca39e0f9,sports_leisure,823fbf290afe6e92a33834f5ca39e0f9,仅5月销售,1,0,99000,0,990.0,0.0,990.0,,-99000,-990.0,-100.0,,,-99000,,,-990.0
3,2018,7,sports_leisure,a7906a8a69acf5b0cb256882e741896a,sports_leisure,a7906a8a69acf5b0cb256882e741896a,仅5月销售,1,0,92900,0,929.0,0.0,929.0,,-92900,-929.0,-100.0,,,-92900,,,-929.0
3,2018,8,sports_leisure,ff3ec972ebd16eb98d55e8ea2fa255ee,sports_leisure,ff3ec972ebd16eb98d55e8ea2fa255ee,仅6月销售,0,4,0,87996,0.0,879.96,,219.99,87996,879.96,,,,87996,,,879.96
3,2018,9,sports_leisure,060c584206d08377a1408fd7afc08b0f,sports_leisure,060c584206d08377a1408fd7afc08b0f,仅6月销售,0,1,0,85000,0.0,850.0,,850.0,85000,850.0,,,,85000,,,850.0
3,2018,10,sports_leisure,1e7d94ec384eb160b91eb277f13ba1ff,sports_leisure,1e7d94ec384eb160b91eb277f13ba1ff,仅6月销售,0,4,0,79960,0.0,799.6,,199.9,79960,799.6,,,,79960,,,799.6
4,2018,1,health_beauty,25292482a61cb3298df8dbe15ea69daf,health_beauty,25292482a61cb3298df8dbe15ea69daf,仅6月销售,0,3,0,449895,0.0,4498.95,,1499.65,449895,4498.95,,,,449895,,,4498.95
4,2018,2,health_beauty,24c66f106f642621e524291a895c9032,health_beauty,24c66f106f642621e524291a895c9032,仅6月销售,0,15,0,302850,0.0,3028.5,,201.9,302850,3028.5,,,,302850,,,3028.5
4,2018,3,health_beauty,44c7b85d371365e52230e2e0efb8e0d8,health_beauty,44c7b85d371365e52230e2e0efb8e0d8,仅5月销售,1,0,274965,0,2749.65,0.0,2749.65,,-274965,-2749.65,-100.0,,,-274965,,,-2749.65
4,2018,4,health_beauty,e63cb7bb4e916e643c1d4785da2b2846,health_beauty,e63cb7bb4e916e643c1d4785da2b2846,仅5月销售,1,0,269900,0,2699.0,0.0,2699.0,,-269900,-2699.0,-100.0,,,-269900,,,-2699.0
4,2018,5,health_beauty,19c91ef95d509ea33eda93495c4d3481,health_beauty,19c91ef95d509ea33eda93495c4d3481,两月均有销量,23,43,275977,528857,2759.77,5288.57,119.99,122.99,252880,2528.8,91.63082430782275,242980,9900,,2429.8,99.0,
4,2018,6,health_beauty,46e24ce614899e36617e37ea1e4aa6ff,health_beauty,46e24ce614899e36617e37ea1e4aa6ff,仅5月销售,2,0,210000,0,2100.0,0.0,1050.0,,-210000,-2100.0,-100.0,,,-210000,,,-2100.0
4,2018,7,health_beauty,8c292ca193d326152e335d77176746f0,health_beauty,8c292ca193d326152e335d77176746f0,两月均有销量,13,1,196900,15100,1969.0,151.0,151.46153846153845,151.0,-181800,-1818.0,-92.33113255459624,-181477,-323,,-1814.77,-3.23,
4,2018,8,health_beauty,ffc9caf33e2d1e9f44e3e06da19085f7,health_beauty,ffc9caf33e2d1e9f44e3e06da19085f7,两月均有销量,11,3,231934,67200,2319.34,672.0,210.84909090909093,224.0,-164734,-1647.34,-71.02624022351186,-173940,9206,,-1739.4,92.06,
4,2018,9,health_beauty,2fea0f2cec6b6324a277d4a61c2ed2c6,health_beauty,2fea0f2cec6b6324a277d4a61c2ed2c6,仅6月销售,0,36,0,136400,0.0,1364.0,,37.888888888888886,136400,1364.0,,,,136400,,,1364.0
4,2018,10,health_beauty,437c05a395e9e47f9762e677a7068ce7,health_beauty,437c05a395e9e47f9762e677a7068ce7,两月均有销量,33,8,172308,39984,1723.08,399.84,52.21454545454545,49.98,-132324,-1323.24,-76.79504143742601,-127743,-4581,,-1277.43,-45.81,
5,2018,1,furniture_decor,aca2eb7d00ea1a7b8ebd4e68314663af,furniture_decor,aca2eb7d00ea1a7b8ebd4e68314663af,两月均有销量,90,2,629100,17980,6291.0,179.8,69.9,89.9,-611120,-6111.2,-97.14194881576856,-703120,92000,,-7031.2,920.0,
5,2018,2,furniture_decor,f0f34793b31e7353a0d77fed40bdb196,furniture_decor,f0f34793b31e7353a0d77fed40bdb196,仅6月销售,0,1,0,169999,0.0,1699.99,,1699.99,169999,1699.99,,,,169999,,,1699.99
5,2018,3,furniture_decor,4ec8f9faf220dfbee99dc36f001ac968,furniture_decor,4ec8f9faf220dfbee99dc36f001ac968,仅6月销售,0,1,0,119995,0.0,1199.95,,1199.95,119995,1199.95,,,,119995,,,1199.95
5,2018,4,furniture_decor,2f13d1dc8b4e1d9d8027be50339546a9,furniture_decor,2f13d1dc8b4e1d9d8027be50339546a9,仅6月销售,0,10,0,105000,0.0,1050.0,,105.0,105000,1050.0,,,,105000,,,1050.0
5,2018,5,furniture_decor,5d6bea33648f018dbb563f3a2fab09f3,furniture_decor,5d6bea33648f018dbb563f3a2fab09f3,两月均有销量,7,1,105000,15000,1050.0,150.0,150.0,150.0,-90000,-900.0,-85.71428571428571,-90000,0,,-900.0,0.0,
5,2018,6,furniture_decor,962a6951154f98f2c8e9a5b8b2bcf4a9,furniture_decor,962a6951154f98f2c8e9a5b8b2bcf4a9,两月均有销量,13,2,97500,15000,975.0,150.0,75.0,75.0,-82500,-825.0,-84.61538461538461,-82500,0,,-825.0,0.0,
5,2018,7,furniture_decor,698b3ddae2f0b80c2a48fb40624ca4e4,furniture_decor,698b3ddae2f0b80c2a48fb40624ca4e4,两月均有销量,6,3,154000,74970,1540.0,749.7,256.6666666666667,249.9,-79030,-790.3,-51.31818181818182,-75985,-3045,,-759.85,-30.45,
5,2018,8,furniture_decor,cf69d780077ed6cd5369b53aa63cd0d3,furniture_decor,cf69d780077ed6cd5369b53aa63cd0d3,仅6月销售,0,1,0,79000,0.0,790.0,,790.0,79000,790.0,,,,79000,,,790.0
5,2018,9,furniture_decor,86b905f8e48ccc43feec909bd9b934fb,furniture_decor,86b905f8e48ccc43feec909bd9b934fb,仅6月销售,0,2,0,59998,0.0,599.98,,299.99,59998,599.98,,,,59998,,,599.98
5,2018,10,furniture_decor,f879fadd73c7b81f0b278dacc880cf08,furniture_decor,f879fadd73c7b81f0b278dacc880cf08,仅5月销售,1,0,59990,0,599.9,0.0,599.9,,-59990,-599.9,-100.0,,,-59990,,,-599.9
6,2018,1,cool_stuff,b69eb25e3a4def8e9cddee18712e0c5e,cool_stuff,b69eb25e3a4def8e9cddee18712e0c5e,仅5月销售,12,0,238800,0,2388.0,0.0,199.0,,-238800,-2388.0,-100.0,,,-238800,,,-2388.0
6,2018,2,cool_stuff,12803e6c48756086227e39a8a2d2026b,cool_stuff,12803e6c48756086227e39a8a2d2026b,仅6月销售,0,1,0,213999,0.0,2139.99,,2139.99,213999,2139.99,,,,213999,,,2139.99
6,2018,3,cool_stuff,3354a4e684f5e7199f9407db70ccd92b,cool_stuff,3354a4e684f5e7199f9407db70ccd92b,两月均有销量,26,9,233974,80991,2339.74,809.91,89.99,89.99,-152983,-1529.83,-65.38461538461539,-152983,0,,-1529.83,0.0,
6,2018,4,cool_stuff,ddceb6eef6af67e9fbbd4c148dbe5fd9,cool_stuff,ddceb6eef6af67e9fbbd4c148dbe5fd9,两月均有销量,5,11,104995,230989,1049.95,2309.89,209.99,209.99,125994,1259.94,120.0,125994,0,,1259.94,0.0,
6,2018,5,cool_stuff,69f07c49379a0c4bd660dd794a72f02a,cool_stuff,69f07c49379a0c4bd660dd794a72f02a,仅5月销售,2,0,119980,0,1199.8,0.0,599.9,,-119980,-1199.8,-100.0,,,-119980,,,-1199.8
6,2018,6,cool_stuff,ee406bf28024d97771c4b1e8b7e8e219,cool_stuff,ee406bf28024d97771c4b1e8b7e8e219,仅5月销售,9,0,118791,0,1187.91,0.0,131.99,,-118791,-1187.91,-100.0,,,-118791,,,-1187.91
6,2018,7,cool_stuff,e59dd207c69d86e890febadc796d1078,cool_stuff,e59dd207c69d86e890febadc796d1078,仅5月销售,7,0,103600,0,1036.0,0.0,148.0,,-103600,-1036.0,-100.0,,,-103600,,,-1036.0
6,2018,8,cool_stuff,d35d1fa56f3c5a2777f5542a84a085dd,cool_stuff,d35d1fa56f3c5a2777f5542a84a085dd,仅6月销售,0,1,0,101340,0.0,1013.4,,1013.4,101340,1013.4,,,,101340,,,1013.4
6,2018,9,cool_stuff,a291cc846d74d97f01611894f983073b,cool_stuff,a291cc846d74d97f01611894f983073b,两月均有销量,6,1,113940,18990,1139.4,189.9,189.9,189.9,-94950,-949.5,-83.33333333333333,-94950,0,,-949.5,0.0,
6,2018,10,cool_stuff,af144ed65466a16118af719a57053c95,cool_stuff,af144ed65466a16118af719a57053c95,仅5月销售,3,0,86700,0,867.0,0.0,289.0,,-86700,-867.0,-100.0,,,-86700,,,-867.0
7,2018,1,toys,2bb3e85f2a403543fdb64e266e70c792,toys,2bb3e85f2a403543fdb64e266e70c792,仅5月销售,3,0,110370,0,1103.7,0.0,367.9,,-110370,-1103.7,-100.0,,,-110370,,,-1103.7
7,2018,2,toys,95a32290cbf617eef9053042fb61dea3,toys,95a32290cbf617eef9053042fb61dea3,仅5月销售,3,0,90700,0,907.0,0.0,302.3333333333333,,-90700,-907.0,-100.0,,,-90700,,,-907.0
7,2018,3,toys,b168aba36b2d14860fd17a038f77d100,toys,b168aba36b2d14860fd17a038f77d100,仅6月销售,0,1,0,89900,0.0,899.0,,899.0,89900,899.0,,,,89900,,,899.0
7,2018,4,toys,fc7c2a5b006ec4b9166c89db4c46bf78,toys,fc7c2a5b006ec4b9166c89db4c46bf78,仅5月销售,1,0,89900,0,899.0,0.0,899.0,,-89900,-899.0,-100.0,,,-89900,,,-899.0
7,2018,5,toys,b76c36bf916511f1a4acd406ada6ce25,toys,b76c36bf916511f1a4acd406ada6ce25,仅5月销售,1,0,88920,0,889.2,0.0,889.2,,-88920,-889.2,-100.0,,,-88920,,,-889.2
7,2018,6,toys,d2239567438e335a463191a43f2f02ff,toys,d2239567438e335a463191a43f2f02ff,两月均有销量,2,1,159980,79990,1599.8,799.9,799.9,799.9,-79990,-799.9,-50.0,-79990,0,,-799.9,0.0,
7,2018,7,toys,87b77bddc8fa1c1272ec769a5134310c,toys,87b77bddc8fa1c1272ec769a5134310c,两月均有销量,2,3,139998,217999,1399.98,2179.99,699.99,726.6633333333333,78001,780.01,55.715795939942,71333,6668,,713.33,66.68,
7,2018,8,toys,83d68ad4e5707409089afff26a40b2df,toys,83d68ad4e5707409089afff26a40b2df,仅5月销售,1,0,78000,0,780.0,0.0,780.0,,-78000,-780.0,-100.0,,,-78000,,,-780.0
7,2018,9,toys,6daadc7e6029cf01762f941e488caa1b,toys,6daadc7e6029cf01762f941e488caa1b,仅5月销售,2,0,75998,0,759.98,0.0,379.99,,-75998,-759.98,-100.0,,,-75998,,,-759.98
7,2018,10,toys,6dbcbca84288705e65660c9b4f369134,toys,6dbcbca84288705e65660c9b4f369134,仅5月销售,1,0,72500,0,725.0,0.0,725.0,,-72500,-725.0,-100.0,,,-72500,,,-725.0
8,2018,1,computers_accessories,af751fe756699bddfce4fdd67242fc2a,computers_accessories,af751fe756699bddfce4fdd67242fc2a,仅5月销售,4,0,504000,0,5040.0,0.0,1260.0,,-504000,-5040.0,-100.0,,,-504000,,,-5040.0
8,2018,2,computers_accessories,89b121bee266dcd25688a1ba72eefb61,computers_accessories,89b121bee266dcd25688a1ba72eefb61,仅5月销售,46,0,367540,0,3675.4,0.0,79.9,,-367540,-3675.4,-100.0,,,-367540,,,-3675.4
8,2018,3,computers_accessories,3dd2a17168ec895c781a9191c1e95ad7,computers_accessories,3dd2a17168ec895c781a9191c1e95ad7,两月均有销量,51,27,764490,404730,7644.9,4047.3,149.9,149.9,-359760,-3597.6,-47.05882352941177,-359760,0,,-3597.6,0.0,
8,2018,4,computers_accessories,993ac19aa975075775c16ba15426f8be,computers_accessories,993ac19aa975075775c16ba15426f8be,仅5月销售,1,0,249975,0,2499.75,0.0,2499.75,,-249975,-2499.75,-100.0,,,-249975,,,-2499.75
8,2018,5,computers_accessories,c63ea4621680c1b0fca8864c0564bd78,computers_accessories,c63ea4621680c1b0fca8864c0564bd78,仅5月销售,11,0,197890,0,1978.9,0.0,179.9,,-197890,-1978.9,-100.0,,,-197890,,,-1978.9
8,2018,6,computers_accessories,4298b7e67dc399c200662b569563a2b2,computers_accessories,4298b7e67dc399c200662b569563a2b2,两月均有销量,4,19,55260,237802,552.6,2378.02,138.15,125.15894736842105,182542,1825.42,330.33297140789,197482,-14940,,1974.82,-149.4,
8,2018,7,computers_accessories,066bbc3a1363adc4d73e093aefd9363a,computers_accessories,066bbc3a1363adc4d73e093aefd9363a,仅5月销售,1,0,136002,0,1360.02,0.0,1360.02,,-136002,-1360.02,-100.0,,,-136002,,,-1360.02
8,2018,8,computers_accessories,e272c7b6c21c38e8ee510666a28460d4,computers_accessories,e272c7b6c21c38e8ee510666a28460d4,仅6月销售,0,1,0,113900,0.0,1139.0,,1139.0,113900,1139.0,,,,113900,,,1139.0
8,2018,9,computers_accessories,fe077ec80df6b4ee60bb4498d5ab1962,computers_accessories,fe077ec80df6b4ee60bb4498d5ab1962,两月均有销量,1,9,13500,121500,135.0,1215.0,135.0,135.0,108000,1080.0,800.0,108000,0,,1080.0,0.0,
8,2018,10,computers_accessories,b192be433004cc1f10b467c0e9ea309b,computers_accessories,b192be433004cc1f10b467c0e9ea309b,两月均有销量,3,8,59250,158000,592.5,1580.0,197.5,197.5,98750,987.5,166.66666666666666,98750,0,,987.5,0.0,
9,2018,1,office_furniture,8ed094bfe076c568f6bb10feada3f75d,office_furniture,8ed094bfe076c568f6bb10feada3f75d,两月均有销量,17,3,305430,53970,3054.3,539.7,179.66470588235293,179.9,-251460,-2514.6,-82.32983007563108,-251695,235,,-2516.95,2.35,
9,2018,2,office_furniture,2f465f0f879ab88842042a85bac3a937,office_furniture,2f465f0f879ab88842042a85bac3a937,仅5月销售,2,0,237980,0,2379.8,0.0,1189.9,,-237980,-2379.8,-100.0,,,-237980,,,-2379.8
9,2018,3,office_furniture,b114bf337c0626166abe574eee9e3f32,office_furniture,b114bf337c0626166abe574eee9e3f32,两月均有销量,13,5,198022,74774,1980.22,747.74,152.32461538461538,149.548,-123248,-1232.48,-62.23954914100454,-120749,-2499,,-1207.49,-24.99,
9,2018,4,office_furniture,145028037adecb27b1a58cf9597676cc,office_furniture,145028037adecb27b1a58cf9597676cc,仅5月销售,2,0,79800,0,798.0,0.0,399.0,,-79800,-798.0,-100.0,,,-79800,,,-798.0
9,2018,5,office_furniture,b2855c4e42b8a50f359904c6763eeddc,office_furniture,b2855c4e42b8a50f359904c6763eeddc,仅5月销售,2,0,73980,0,739.8,0.0,369.9,,-73980,-739.8,-100.0,,,-73980,,,-739.8
9,2018,6,office_furniture,a7d454bed93698b6ddb23f865e69f111,office_furniture,a7d454bed93698b6ddb23f865e69f111,仅5月销售,3,0,65970,0,659.7,0.0,219.9,,-65970,-659.7,-100.0,,,-65970,,,-659.7
9,2018,7,office_furniture,13384f6452c53eb1f29768dc57f75903,office_furniture,13384f6452c53eb1f29768dc57f75903,仅5月销售,1,0,59900,0,599.0,0.0,599.0,,-59900,-599.0,-100.0,,,-59900,,,-599.0
9,2018,8,office_furniture,186f6f0ad7928097faf963de4b3e67bf,office_furniture,186f6f0ad7928097faf963de4b3e67bf,仅6月销售,0,3,0,53997,0.0,539.97,,179.99,53997,539.97,,,,53997,,,539.97
9,2018,9,office_furniture,fb23a21f32d00e71247da1188220cb33,office_furniture,fb23a21f32d00e71247da1188220cb33,仅6月销售,0,3,0,53982,0.0,539.82,,179.94,53982,539.82,,,,53982,,,539.82
9,2018,10,office_furniture,587ff13bc6c58e023e298ac897fa1a3c,office_furniture,587ff13bc6c58e023e298ac897fa1a3c,仅5月销售,1,0,49990,0,499.9,0.0,499.9,,-49990,-499.9,-100.0,,,-49990,,,-499.9
10,2018,1,pet_shop,1b37262ebd1307a6c9aab9aca8584e76,pet_shop,1b37262ebd1307a6c9aab9aca8584e76,仅6月销售,0,1,0,89900,0.0,899.0,,899.0,89900,899.0,,,,89900,,,899.0
10,2018,2,pet_shop,33d572fab2a1a7c217d8831ade7d9357,pet_shop,33d572fab2a1a7c217d8831ade7d9357,仅6月销售,0,1,0,89900,0.0,899.0,,899.0,89900,899.0,,,,89900,,,899.0
10,2018,3,pet_shop,a8cd4add5d395661e5b5f4130530e5cc,pet_shop,a8cd4add5d395661e5b5f4130530e5cc,仅6月销售,0,1,0,72400,0.0,724.0,,724.0,72400,724.0,,,,72400,,,724.0
10,2018,4,pet_shop,10698a66d71ebd12be9e8c39302c74b3,pet_shop,10698a66d71ebd12be9e8c39302c74b3,仅6月销售,0,5,0,64985,0.0,649.85,,129.97,64985,649.85,,,,64985,,,649.85
10,2018,5,pet_shop,15994dc9c5505e5feb9780945ed1cc8a,pet_shop,15994dc9c5505e5feb9780945ed1cc8a,仅6月销售,0,2,0,59980,0.0,599.8,,299.9,59980,599.8,,,,59980,,,599.8
10,2018,6,pet_shop,3c3d244942b424b931c33f1ddc122b80,pet_shop,3c3d244942b424b931c33f1ddc122b80,仅6月销售,0,3,0,55800,0.0,558.0,,186.0,55800,558.0,,,,55800,,,558.0
10,2018,7,pet_shop,46292acbc08d49b95138891146f7287b,pet_shop,46292acbc08d49b95138891146f7287b,仅6月销售,0,2,0,50496,0.0,504.96,,252.48,50496,504.96,,,,50496,,,504.96
10,2018,8,pet_shop,4b5d91666a29ed91f1ced25011e07985,pet_shop,4b5d91666a29ed91f1ced25011e07985,仅6月销售,0,2,0,47180,0.0,471.8,,235.9,47180,471.8,,,,47180,,,471.8
10,2018,9,pet_shop,0c71252f37443403376d2008034a7240,pet_shop,0c71252f37443403376d2008034a7240,两月均有销量,2,6,21780,65776,217.8,657.76,108.9,109.62666666666667,43996,439.96,202.0018365472911,43705,291,,437.05,2.91,
10,2018,10,pet_shop,a8d30122a99d04c7437d4e7b022a7231,pet_shop,a8d30122a99d04c7437d4e7b022a7231,仅6月销售,0,7,0,42000,0.0,420.0,,60.0,42000,420.0,,,,42000,,,420.0
