rank,year,category,category_presence,may_item_rows,june_item_rows,may_merchandise_cents,june_merchandise_cents,may_amount_brl,june_amount_brl,may_avg_price_brl_per_item,june_avg_price_brl_per_item,amount_change_cents,amount_change_brl,amount_change_pct,volume_contribution_cents,price_contribution_cents,entry_exit_cents,volume_contribution_brl,price_contribution_brl,entry_exit_brl
1,2017,health_beauty,两月均有销量,284,254,4634006,3167681,46340.06,31676.81,163.16922535211268,124.71185039370079,-1466325,-14663.25,-31.642708274439006,-431822,-1034503,,-4318.22,-10345.03,
2,2017,auto,两月均有销量,113,110,1750125,2933571,17501.25,29335.71,154.8783185840708,266.68827272727276,1183446,11834.46,67.62065566745233,-63235,1246681,,-632.35,12466.81,
3,2017,watches_gifts,两月均有销量,129,119,3661948,2733763,36619.48,27337.63,283.8719379844961,229.7279831932773,-928185,-9281.85,-25.346755333500095,-256800,-671385,,-2568.0,-6713.85,
4,2017,computers_accessories,两月均有销量,309,254,4475939,3619370,44759.39,36193.7,144.8523948220065,142.49488188976378,-856569,-8565.69,-19.13719110112984,-790205,-66364,,-7902.05,-663.64,
5,2017,toys,两月均有销量,196,156,2217925,1533755,22179.25,15337.55,113.15943877551021,98.3176282051282,-684170,-6841.7,-30.84730096824735,-422954,-261216,,-4229.54,-2612.16,
6,2017,art,两月均有销量,6,4,692725,20030,6927.25,200.3,1154.5416666666667,50.075,-672695,-6726.95,-97.10852069724638,-120462,-552233,,-1204.62,-5522.33,
7,2017,(unknown),两月均有销量,91,58,1081834,490240,10818.34,4902.4,118.88285714285713,84.52413793103447,-591594,-5915.94,-54.68436007742408,-335622,-255972,,-3356.22,-2559.72,
8,2017,furniture_decor,两月均有销量,271,230,2231254,1661429,22312.54,16614.29,82.33409594095941,72.23604347826087,-569825,-5698.25,-25.538329567140273,-316869,-252956,,-3168.69,-2529.56,
9,2017,cool_stuff,两月均有销量,241,199,3248160,3810961,32481.6,38109.61,134.77842323651453,191.50557788944724,562801,5628.01,17.32676345992808,-685196,1247997,,-6851.96,12479.97,
10,2017,garden_tools,两月均有销量,138,110,2037257,1544709,20372.57,15447.09,147.62731884057973,140.4280909090909,-492548,-4925.48,-24.177018412502694,-403278,-89270,,-4032.78,-892.7,
1,2018,watches_gifts,两月均有销量,625,477,11936498,8502757,119364.98,85027.57,190.98396799999998,178.2548637316562,-3433741,-34337.41,-28.766737111672118,-2732367,-701374,,-27323.67,-7013.74,
2,2018,garden_tools,两月均有销量,288,184,3770079,1794872,37700.79,17948.72,130.90552083333333,97.54739130434783,-1975207,-19752.07,-52.391660758302415,-1187955,-787252,,-11879.55,-7872.52,
3,2018,sports_leisure,两月均有销量,489,419,5920992,4491601,59209.92,44916.01,121.0836809815951,107.19811455847255,-1429391,-14293.91,-24.141072982365117,-798986,-630405,,-7989.86,-6304.05,
4,2018,health_beauty,两月均有销量,751,875,9453438,10674572,94534.38,106745.72,125.87800266311584,121.99510857142857,1221134,12211.34,12.917353453843988,1536813,-315679,,15368.13,-3156.79,
5,2018,furniture_decor,两月均有销量,597,402,5370645,4204222,53706.45,42042.22,89.96055276381908,104.5826368159204,-1166423,-11664.23,-21.71849005100877,-1896796,730373,,-18967.96,7303.73,
6,2018,cool_stuff,两月均有销量,175,103,2994912,1931637,29949.12,19316.37,171.13782857142857,187.53757281553396,-1063275,-10632.75,-35.50271260057057,-1291231,227956,,-12912.31,2279.56,
7,2018,toys,两月均有销量,218,190,3153841,2109495,31538.41,21094.95,144.67160550458715,111.02605263157895,-1044346,-10443.46,-33.113463868343395,-357977,-686369,,-3579.77,-6863.69,
8,2018,computers_accessories,两月均有销量,453,401,5063183,4180637,50631.83,41806.37,111.77004415011037,104.2552867830424,-882546,-8825.46,-17.43065577523072,-561666,-320880,,-5616.66,-3208.8,
9,2018,office_furniture,两月均有销量,104,76,2083587,1212558,20835.87,12125.58,200.34490384615384,159.5471052631579,-871029,-8710.29,-41.804301908199655,-503849,-367180,,-5038.49,-3671.8,
10,2018,pet_shop,两月均有销量,136,178,1170846,1949178,11708.46,19491.78,86.09161764705883,109.50438202247192,778332,7783.32,66.47603527705608,410752,367580,,4107.52,3675.8,
