year,category,category_rank,top10_change_cents,other_products_change_cents,category_change_cents,may_category_cents,june_category_cents
2017,health_beauty,1,-1332520,-133805,-1466325,4634006,3167681
2017,auto,2,1168534,14912,1183446,1750125,2933571
2017,watches_gifts,3,-594528,-333657,-928185,3661948,2733763
2017,computers_accessories,4,-270046,-586523,-856569,4475939,3619370
2017,toys,5,-173061,-511109,-684170,2217925,1533755
2017,art,6,-672695,0,-672695,692725,20030
2017,(unknown),7,-355208,-236386,-591594,1081834,490240
2017,furniture_decor,8,-83144,-486681,-569825,2231254,1661429
2017,cool_stuff,9,985844,-423043,562801,3248160,3810961
2017,garden_tools,10,-649700,157152,-492548,2037257,1544709
2018,watches_gifts,1,-3241377,-192364,-3433741,11936498,8502757
2018,garden_tools,2,-1599520,-375687,-1975207,3770079,1794872
2018,sports_leisure,3,-376444,-1052947,-1429391,5920992,4491601
2018,health_beauty,4,-91698,1312832,1221134,9453438,10674572
2018,furniture_decor,5,-388648,-777775,-1166423,5370645,4204222
2018,cool_stuff,6,-474471,-588804,-1063275,2994912,1931637
2018,toys,7,-518477,-525869,-1044346,3153841,2109495
2018,computers_accessories,8,-1311975,429429,-882546,5063183,4180637
2018,office_furniture,9,-834349,-36680,-871029,2083587,1212558
2018,pet_shop,10,616637,161695,778332,1170846,1949178
