rank,year,category,product_id,all_categories,product_label,sales_status,may_item_rows,june_item_rows,may_merchandise_cents,june_merchandise_cents,may_amount_brl,june_amount_brl,may_avg_price_brl_per_item,june_avg_price_brl_per_item,amount_change_cents,amount_change_brl,amount_change_pct,volume_contribution_cents,price_contribution_cents,entry_exit_cents,volume_contribution_brl,price_contribution_brl,entry_exit_brl,purchase_month,merchandise_cents,sales_item_rows,single_product_orders,single_order_item_rows,single_order_merchandise_cents,scored_orders,mean_order_score,median_order_score,low_score_orders,text_orders,score_coverage,low_score_rate
1,2018,watches_gifts,53b36df67ebb7c41585e8d54d6772e08,watches_gifts,53b36df67ebb7c41585e8d54d6772e08,两月均有销量,114,9,1182020,107100,11820.2,1071.0,103.68596491228072,119.0,-1074920,-10749.2,-90.93923960677483,-1169101.0,94181.0,,-11691.01,941.81,,5,1182020,114,106,113,1170330,106,4.471698113207547,5.0,7,49,1.0,0.0660377358490566
1,2018,watches_gifts,53b36df67ebb7c41585e8d54d6772e08,watches_gifts,53b36df67ebb7c41585e8d54d6772e08,两月均有销量,114,9,1182020,107100,11820.2,1071.0,103.68596491228072,119.0,-1074920,-10749.2,-90.93923960677483,-1169101.0,94181.0,,-11691.01,941.81,,6,107100,9,9,9,107100,9,4.777777777777778,5.0,0,3,1.0,0.0
2,2018,small_appliances,44fc450365728c413fefc547592626be,small_appliances,44fc450365728c413fefc547592626be,两月均有销量,3,10,254700,869200,2547.0,8692.0,849.0,869.2,614500,6145.0,241.26423243031016,601370.0,13130.0,,6013.7,131.3,,5,254700,3,2,3,254700,2,2.5,2.5,1,2,1.0,0.5
2,2018,small_appliances,44fc450365728c413fefc547592626be,small_appliances,44fc450365728c413fefc547592626be,两月均有销量,3,10,254700,869200,2547.0,8692.0,849.0,869.2,614500,6145.0,241.26423243031016,601370.0,13130.0,,6013.7,131.3,,6,869200,10,8,10,869200,8,3.625,4.5,2,3,1.0,0.25
3,2018,furniture_decor,aca2eb7d00ea1a7b8ebd4e68314663af,furniture_decor,aca2eb7d00ea1a7b8ebd4e68314663af,两月均有销量,90,2,629100,17980,6291.0,179.8,69.9,89.9,-611120,-6111.2,-97.14194881576856,-703120.0,92000.0,,-7031.2,920.0,,5,629100,90,72,90,629100,72,4.555555555555555,5.0,4,30,1.0,0.05555555555555555
3,2018,furniture_decor,aca2eb7d00ea1a7b8ebd4e68314663af,furniture_decor,aca2eb7d00ea1a7b8ebd4e68314663af,两月均有销量,90,2,629100,17980,6291.0,179.8,69.9,89.9,-611120,-6111.2,-97.14194881576856,-703120.0,92000.0,,-7031.2,920.0,,6,17980,2,1,2,17980,1,5.0,5.0,0,1,1.0,0.0
4,2018,computers_accessories,af751fe756699bddfce4fdd67242fc2a,computers_accessories,af751fe756699bddfce4fdd67242fc2a,仅5月销售,4,0,504000,0,5040.0,0.0,1260.0,,-504000,-5040.0,-100.0,,,-504000.0,,,-5040.0,5,504000,4,3,4,504000,3,4.666666666666667,5.0,0,1,1.0,0.0
4,2018,computers_accessories,af751fe756699bddfce4fdd67242fc2a,computers_accessories,af751fe756699bddfce4fdd67242fc2a,仅5月销售,4,0,504000,0,5040.0,0.0,1260.0,,-504000,-5040.0,-100.0,,,-504000.0,,,-5040.0,6,0,0,0,0,0,0,,,0,0,,
5,2018,electronics,0abc19e41fdc9d6894b8cae651619253,electronics,0abc19e41fdc9d6894b8cae651619253,仅5月销售,2,0,494100,0,4941.0,0.0,2470.5,,-494100,-4941.0,-100.0,,,-494100.0,,,-4941.0,5,494100,2,2,2,494100,2,4.5,4.5,0,2,1.0,0.0
5,2018,electronics,0abc19e41fdc9d6894b8cae651619253,electronics,0abc19e41fdc9d6894b8cae651619253,仅5月销售,2,0,494100,0,4941.0,0.0,2470.5,,-494100,-4941.0,-100.0,,,-494100.0,,,-4941.0,6,0,0,0,0,0,0,,,0,0,,
6,2018,computers,259037a6a41845e455183f89c5035f18,computers,259037a6a41845e455183f89c5035f18,仅6月销售,0,1,0,459000,0.0,4590.0,,4590.0,459000,4590.0,,,,459000.0,,,4590.0,5,0,0,0,0,0,0,,,0,0,,
6,2018,computers,259037a6a41845e455183f89c5035f18,computers,259037a6a41845e455183f89c5035f18,仅6月销售,0,1,0,459000,0.0,4590.0,,4590.0,459000,4590.0,,,,459000.0,,,4590.0,6,459000,1,1,1,459000,1,5.0,5.0,0,1,1.0,0.0
7,2018,health_beauty,25292482a61cb3298df8dbe15ea69daf,health_beauty,25292482a61cb3298df8dbe15ea69daf,仅6月销售,0,3,0,449895,0.0,4498.95,,1499.65,449895,4498.95,,,,449895.0,,,4498.95,5,0,0,0,0,0,0,,,0,0,,
7,2018,health_beauty,25292482a61cb3298df8dbe15ea69daf,health_beauty,25292482a61cb3298df8dbe15ea69daf,仅6月销售,0,3,0,449895,0.0,4498.95,,1499.65,449895,4498.95,,,,449895.0,,,4498.95,6,449895,3,3,3,449895,3,4.666666666666667,5.0,0,0,1.0,0.0
8,2018,home_appliances_2,87feb07adc221a4c6cdf051ea1afd0ff,home_appliances_2,87feb07adc221a4c6cdf051ea1afd0ff,两月均有销量,3,1,633000,211000,6330.0,2110.0,2110.0,2110.0,-422000,-4220.0,-66.66666666666667,-422000.0,0.0,,-4220.0,0.0,,5,633000,3,3,3,633000,3,5.0,5.0,0,2,1.0,0.0
8,2018,home_appliances_2,87feb07adc221a4c6cdf051ea1afd0ff,home_appliances_2,87feb07adc221a4c6cdf051ea1afd0ff,两月均有销量,3,1,633000,211000,6330.0,2110.0,2110.0,2110.0,-422000,-4220.0,-66.66666666666667,-422000.0,0.0,,-4220.0,0.0,,6,211000,1,1,1,211000,1,5.0,5.0,0,1,1.0,0.0
9,2018,watches_gifts,57c9362442482cd2451f2eabf468e532,watches_gifts,57c9362442482cd2451f2eabf468e532,两月均有销量,5,1,495597,86900,4955.97,869.0,991.194,869.0,-408697,-4086.97,-82.46559200318,-372039.0,-36658.0,,-3720.39,-366.58,,5,495597,5,5,5,495597,5,4.8,5.0,0,2,1.0,0.0
9,2018,watches_gifts,57c9362442482cd2451f2eabf468e532,watches_gifts,57c9362442482cd2451f2eabf468e532,两月均有销量,5,1,495597,86900,4955.97,869.0,991.194,869.0,-408697,-4086.97,-82.46559200318,-372039.0,-36658.0,,-3720.39,-366.58,,6,86900,1,1,1,86900,1,1.0,1.0,1,1,1.0,1.0
10,2018,construction_tools_construction,8a12c0e223d9dbd49ccfcd2ad25d1b30,construction_tools_construction,8a12c0e223d9dbd49ccfcd2ad25d1b30,两月均有销量,1,3,189000,594000,1890.0,5940.0,1890.0,1980.0,405000,4050.0,214.28571428571428,387000.0,18000.0,,3870.0,180.0,,5,189000,1,1,1,189000,1,5.0,5.0,0,1,1.0,0.0
10,2018,construction_tools_construction,8a12c0e223d9dbd49ccfcd2ad25d1b30,construction_tools_construction,8a12c0e223d9dbd49ccfcd2ad25d1b30,两月均有销量,1,3,189000,594000,1890.0,5940.0,1890.0,1980.0,405000,4050.0,214.28571428571428,387000.0,18000.0,,3870.0,180.0,,6,594000,3,3,3,594000,3,5.0,5.0,0,1,1.0,0.0
11,2018,garden_tools,0563d4cc419141eab2e5b438046e844e,garden_tools,0563d4cc419141eab2e5b438046e844e,仅5月销售,1,0,393000,0,3930.0,0.0,3930.0,,-393000,-3930.0,-100.0,,,-393000.0,,,-3930.0,5,393000,1,1,1,393000,1,4.0,4.0,0,0,1.0,0.0
11,2018,garden_tools,0563d4cc419141eab2e5b438046e844e,garden_tools,0563d4cc419141eab2e5b438046e844e,仅5月销售,1,0,393000,0,3930.0,0.0,3930.0,,-393000,-3930.0,-100.0,,,-393000.0,,,-3930.0,6,0,0,0,0,0,0,,,0,0,,
12,2018,watches_gifts,d285360f29ac7fd97640bf0baef03de0,watches_gifts,d285360f29ac7fd97640bf0baef03de0,两月均有销量,19,4,490640,98360,4906.4,983.6,258.23157894736846,245.9,-392280,-3922.8,-79.95271482145769,-378099.0,-14181.0,,-3780.99,-141.81,,5,490640,19,18,18,464640,18,3.8333333333333335,5.0,3,13,1.0,0.16666666666666666
12,2018,watches_gifts,d285360f29ac7fd97640bf0baef03de0,watches_gifts,d285360f29ac7fd97640bf0baef03de0,两月均有销量,19,4,490640,98360,4906.4,983.6,258.23157894736846,245.9,-392280,-3922.8,-79.95271482145769,-378099.0,-14181.0,,-3780.99,-141.81,,6,98360,4,4,4,98360,4,2.5,2.0,3,3,1.0,0.75
13,2018,baby,0eb41884a8773e019708fb8409fd8347,baby,0eb41884a8773e019708fb8409fd8347,仅6月销售,0,1,0,389900,0.0,3899.0,,3899.0,389900,3899.0,,,,389900.0,,,3899.0,5,0,0,0,0,0,0,,,0,0,,
13,2018,baby,0eb41884a8773e019708fb8409fd8347,baby,0eb41884a8773e019708fb8409fd8347,仅6月销售,0,1,0,389900,0.0,3899.0,,3899.0,389900,3899.0,,,,389900.0,,,3899.0,6,389900,1,1,1,389900,1,5.0,5.0,0,0,1.0,0.0
14,2018,watches_gifts,6f3b5b605d91b7439c5e3f5a8dffeea7,watches_gifts,6f3b5b605d91b7439c5e3f5a8dffeea7,两月均有销量,30,3,435500,45790,4355.0,457.9,145.16666666666666,152.63333333333333,-389710,-3897.1,-89.48564867967853,-402030.0,12320.0,,-4020.3,123.2,,5,435500,30,30,30,435500,30,4.133333333333334,5.0,5,14,1.0,0.16666666666666666
14,2018,watches_gifts,6f3b5b605d91b7439c5e3f5a8dffeea7,watches_gifts,6f3b5b605d91b7439c5e3f5a8dffeea7,两月均有销量,30,3,435500,45790,4355.0,457.9,145.16666666666666,152.63333333333333,-389710,-3897.1,-89.48564867967853,-402030.0,12320.0,,-4020.3,123.2,,6,45790,3,3,3,45790,3,4.333333333333333,5.0,0,1,1.0,0.0
15,2018,computers_accessories,89b121bee266dcd25688a1ba72eefb61,computers_accessories,89b121bee266dcd25688a1ba72eefb61,仅5月销售,46,0,367540,0,3675.4,0.0,79.9,,-367540,-3675.4,-100.0,,,-367540.0,,,-3675.4,5,367540,46,41,45,359550,41,2.5121951219512195,1.0,23,30,1.0,0.5609756097560976
15,2018,computers_accessories,89b121bee266dcd25688a1ba72eefb61,computers_accessories,89b121bee266dcd25688a1ba72eefb61,仅5月销售,46,0,367540,0,3675.4,0.0,79.9,,-367540,-3675.4,-100.0,,,-367540.0,,,-3675.4,6,0,0,0,0,0,0,,,0,0,,
16,2018,computers_accessories,3dd2a17168ec895c781a9191c1e95ad7,computers_accessories,3dd2a17168ec895c781a9191c1e95ad7,两月均有销量,51,27,764490,404730,7644.9,4047.3,149.9,149.9,-359760,-3597.6,-47.05882352941177,-359760.0,0.0,,-3597.6,0.0,,5,764490,51,43,51,764490,43,4.4186046511627906,5.0,5,23,1.0,0.11627906976744186
16,2018,computers_accessories,3dd2a17168ec895c781a9191c1e95ad7,computers_accessories,3dd2a17168ec895c781a9191c1e95ad7,两月均有销量,51,27,764490,404730,7644.9,4047.3,149.9,149.9,-359760,-3597.6,-47.05882352941177,-359760.0,0.0,,-3597.6,0.0,,6,404730,27,27,27,404730,27,4.296296296296297,5.0,2,11,1.0,0.07407407407407407
17,2018,bed_bath_table,fbce4c4cb307679d89a3bf3d3bb353b9,bed_bath_table,fbce4c4cb307679d89a3bf3d3bb353b9,两月均有销量,3,29,38700,396100,387.0,3961.0,129.0,136.58620689655172,357400,3574.0,923.5142118863048,345262.0,12138.0,,3452.62,121.38,,5,38700,3,3,3,38700,3,5.0,5.0,0,3,1.0,0.0
17,2018,bed_bath_table,fbce4c4cb307679d89a3bf3d3bb353b9,bed_bath_table,fbce4c4cb307679d89a3bf3d3bb353b9,两月均有销量,3,29,38700,396100,387.0,3961.0,129.0,136.58620689655172,357400,3574.0,923.5142118863048,345262.0,12138.0,,3452.62,121.38,,6,396100,29,25,27,368300,25,3.88,4.0,5,17,1.0,0.2
18,2018,small_appliances_home_oven_and_coffee,ff92ca9bb0b3f4ec00a9b76c9f68cb3a,small_appliances_home_oven_and_coffee,ff92ca9bb0b3f4ec00a9b76c9f68cb3a,仅5月销售,4,0,343560,0,3435.6,0.0,858.9,,-343560,-3435.6,-100.0,,,-343560.0,,,-3435.6,5,343560,4,4,4,343560,4,4.75,5.0,0,1,1.0,0.0
18,2018,small_appliances_home_oven_and_coffee,ff92ca9bb0b3f4ec00a9b76c9f68cb3a,small_appliances_home_oven_and_coffee,ff92ca9bb0b3f4ec00a9b76c9f68cb3a,仅5月销售,4,0,343560,0,3435.6,0.0,858.9,,-343560,-3435.6,-100.0,,,-343560.0,,,-3435.6,6,0,0,0,0,0,0,,,0,0,,
19,2018,small_appliances_home_oven_and_coffee,0433830caca22b01a0f477d31307b043,small_appliances_home_oven_and_coffee,0433830caca22b01a0f477d31307b043,两月均有销量,3,1,539700,199900,5397.0,1999.0,1799.0,1999.0,-339800,-3398.0,-62.96090420604039,-379800.0,40000.0,,-3798.0,400.0,,5,539700,3,3,3,539700,3,3.3333333333333335,4.0,1,1,1.0,0.3333333333333333
19,2018,small_appliances_home_oven_and_coffee,0433830caca22b01a0f477d31307b043,small_appliances_home_oven_and_coffee,0433830caca22b01a0f477d31307b043,两月均有销量,3,1,539700,199900,5397.0,1999.0,1799.0,1999.0,-339800,-3398.0,-62.96090420604039,-379800.0,40000.0,,-3798.0,400.0,,6,199900,1,1,1,199900,1,5.0,5.0,0,0,1.0,0.0
20,2018,watches_gifts,7a10781637204d8d10485c71a6108a2e,watches_gifts,7a10781637204d8d10485c71a6108a2e,仅5月销售,17,0,338300,0,3383.0,0.0,199.0,,-338300,-3383.0,-100.0,,,-338300.0,,,-3383.0,5,338300,17,17,17,338300,17,4.235294117647059,5.0,2,10,1.0,0.11764705882352941
20,2018,watches_gifts,7a10781637204d8d10485c71a6108a2e,watches_gifts,7a10781637204d8d10485c71a6108a2e,仅5月销售,17,0,338300,0,3383.0,0.0,199.0,,-338300,-3383.0,-100.0,,,-338300.0,,,-3383.0,6,0,0,0,0,0,0,,,0,0,,
1,2017,auto,fd0065af7f09af4b82a0ca8f3eed1852,auto,fd0065af7f09af4b82a0ca8f3eed1852,仅6月销售,0,8,0,1599992,0.0,15999.92,,1999.99,1599992,15999.92,,,,1599992.0,,,15999.92,5,0,0,0,0,0,0,,,0,0,,
1,2017,auto,fd0065af7f09af4b82a0ca8f3eed1852,auto,fd0065af7f09af4b82a0ca8f3eed1852,仅6月销售,0,8,0,1599992,0.0,15999.92,,1999.99,1599992,15999.92,,,,1599992.0,,,15999.92,6,1599992,8,8,8,1599992,8,1.25,1.0,7,7,1.0,0.875
2,2017,art,1bdf5e6731585cf01aa8169c7028d6ad,art,1bdf5e6731585cf01aa8169c7028d6ad,仅5月销售,1,0,649900,0,6499.0,0.0,6499.0,,-649900,-6499.0,-100.0,,,-649900.0,,,-6499.0,5,649900,1,1,1,649900,1,5.0,5.0,0,0,1.0,0.0
2,2017,art,1bdf5e6731585cf01aa8169c7028d6ad,art,1bdf5e6731585cf01aa8169c7028d6ad,仅5月销售,1,0,649900,0,6499.0,0.0,6499.0,,-649900,-6499.0,-100.0,,,-649900.0,,,-6499.0,6,0,0,0,0,0,0,,,0,0,,
3,2017,health_beauty,9453bde60c4ee52155c963641736cfc5,health_beauty,9453bde60c4ee52155c963641736cfc5,仅5月销售,11,0,508999,0,5089.99,0.0,462.7263636363636,,-508999,-5089.99,-100.0,,,-508999.0,,,-5089.99,5,508999,11,11,11,508999,11,4.181818181818182,5.0,1,7,1.0,0.09090909090909091
3,2017,health_beauty,9453bde60c4ee52155c963641736cfc5,health_beauty,9453bde60c4ee52155c963641736cfc5,仅5月销售,11,0,508999,0,5089.99,0.0,462.7263636363636,,-508999,-5089.99,-100.0,,,-508999.0,,,-5089.99,6,0,0,0,0,0,0,,,0,0,,
4,2017,computers_accessories,fe59a1e006df3ac42bf0ceb876d70969,computers_accessories,fe59a1e006df3ac42bf0ceb876d70969,仅5月销售,5,0,402730,0,4027.3,0.0,805.46,,-402730,-4027.3,-100.0,,,-402730.0,,,-4027.3,5,402730,5,4,5,402730,4,4.0,4.0,0,1,1.0,0.0
4,2017,computers_accessories,fe59a1e006df3ac42bf0ceb876d70969,computers_accessories,fe59a1e006df3ac42bf0ceb876d70969,仅5月销售,5,0,402730,0,4027.3,0.0,805.46,,-402730,-4027.3,-100.0,,,-402730.0,,,-4027.3,6,0,0,0,0,0,0,,,0,0,,
5,2017,musical_instruments,ba55945d930e34e802e5dd2e5cffdcc8,musical_instruments,ba55945d930e34e802e5dd2e5cffdcc8,仅5月销售,2,0,379824,0,3798.24,0.0,1899.12,,-379824,-3798.24,-100.0,,,-379824.0,,,-3798.24,5,379824,2,2,2,379824,2,5.0,5.0,0,2,1.0,0.0
5,2017,musical_instruments,ba55945d930e34e802e5dd2e5cffdcc8,musical_instruments,ba55945d930e34e802e5dd2e5cffdcc8,仅5月销售,2,0,379824,0,3798.24,0.0,1899.12,,-379824,-3798.24,-100.0,,,-379824.0,,,-3798.24,6,0,0,0,0,0,0,,,0,0,,
6,2017,housewares,42a2c92a0979a949ca4ea89ec5c7b934,housewares,42a2c92a0979a949ca4ea89ec5c7b934,两月均有销量,13,71,77870,425290,778.7,4252.9,59.9,59.9,347420,3474.2,446.1538461538461,347420.0,0.0,,3474.2,0.0,,5,77870,13,13,13,77870,13,3.923076923076923,5.0,3,7,1.0,0.23076923076923078
6,2017,housewares,42a2c92a0979a949ca4ea89ec5c7b934,housewares,42a2c92a0979a949ca4ea89ec5c7b934,两月均有销量,13,71,77870,425290,778.7,4252.9,59.9,59.9,347420,3474.2,446.1538461538461,347420.0,0.0,,3474.2,0.0,,6,425290,71,61,70,419300,61,3.901639344262295,5.0,11,28,1.0,0.18032786885245902
7,2017,health_beauty,1d16c0509e7011656e03c6a582ff6667,health_beauty,1d16c0509e7011656e03c6a582ff6667,仅5月销售,4,0,304000,0,3040.0,0.0,760.0,,-304000,-3040.0,-100.0,,,-304000.0,,,-3040.0,5,304000,4,3,4,304000,3,5.0,5.0,0,1,1.0,0.0
7,2017,health_beauty,1d16c0509e7011656e03c6a582ff6667,health_beauty,1d16c0509e7011656e03c6a582ff6667,仅5月销售,4,0,304000,0,3040.0,0.0,760.0,,-304000,-3040.0,-100.0,,,-304000.0,,,-3040.0,6,0,0,0,0,0,0,,,0,0,,
8,2017,computers_accessories,470433f95ba906e17efac3fce39e9ffd,computers_accessories,470433f95ba906e17efac3fce39e9ffd,仅6月销售,0,1,0,299989,0.0,2999.89,,2999.89,299989,2999.89,,,,299989.0,,,2999.89,5,0,0,0,0,0,0,,,0,0,,
8,2017,computers_accessories,470433f95ba906e17efac3fce39e9ffd,computers_accessories,470433f95ba906e17efac3fce39e9ffd,仅6月销售,0,1,0,299989,0.0,2999.89,,2999.89,299989,2999.89,,,,299989.0,,,2999.89,6,299989,1,1,1,299989,1,5.0,5.0,0,0,1.0,0.0
9,2017,cool_stuff,5f504b3a1c75b73d6151be81eb05bdc9,cool_stuff,5f504b3a1c75b73d6151be81eb05bdc9,两月均有销量,2,7,114400,400400,1144.0,4004.0,572.0,572.0,286000,2860.0,250.0,286000.0,0.0,,2860.0,0.0,,5,114400,2,2,2,114400,2,5.0,5.0,0,2,1.0,0.0
9,2017,cool_stuff,5f504b3a1c75b73d6151be81eb05bdc9,cool_stuff,5f504b3a1c75b73d6151be81eb05bdc9,两月均有销量,2,7,114400,400400,1144.0,4004.0,572.0,572.0,286000,2860.0,250.0,286000.0,0.0,,2860.0,0.0,,6,400400,7,7,7,400400,7,4.857142857142857,5.0,0,2,1.0,0.0
10,2017,sports_leisure,d7324d4c913e7b424cb61675dafc8c10,sports_leisure,d7324d4c913e7b424cb61675dafc8c10,仅5月销售,1,0,279900,0,2799.0,0.0,2799.0,,-279900,-2799.0,-100.0,,,-279900.0,,,-2799.0,5,279900,1,1,1,279900,1,1.0,1.0,1,1,1.0,1.0
10,2017,sports_leisure,d7324d4c913e7b424cb61675dafc8c10,sports_leisure,d7324d4c913e7b424cb61675dafc8c10,仅5月销售,1,0,279900,0,2799.0,0.0,2799.0,,-279900,-2799.0,-100.0,,,-279900.0,,,-2799.0,6,0,0,0,0,0,0,,,0,0,,
11,2017,(unknown),0e030462875259ec0cb868f7ecf1fd5e,(unknown),0e030462875259ec0cb868f7ecf1fd5e,仅5月销售,1,0,274000,0,2740.0,0.0,2740.0,,-274000,-2740.0,-100.0,,,-274000.0,,,-2740.0,5,274000,1,1,1,274000,1,2.0,2.0,1,1,1.0,1.0
11,2017,(unknown),0e030462875259ec0cb868f7ecf1fd5e,(unknown),0e030462875259ec0cb868f7ecf1fd5e,仅5月销售,1,0,274000,0,2740.0,0.0,2740.0,,-274000,-2740.0,-100.0,,,-274000.0,,,-2740.0,6,0,0,0,0,0,0,,,0,0,,
12,2017,sports_leisure,f6a84928571f68635beb0f5c9333c6f3,sports_leisure,f6a84928571f68635beb0f5c9333c6f3,仅6月销售,0,3,0,269700,0.0,2697.0,,899.0,269700,2697.0,,,,269700.0,,,2697.0,5,0,0,0,0,0,0,,,0,0,,
12,2017,sports_leisure,f6a84928571f68635beb0f5c9333c6f3,sports_leisure,f6a84928571f68635beb0f5c9333c6f3,仅6月销售,0,3,0,269700,0.0,2697.0,,899.0,269700,2697.0,,,,269700.0,,,2697.0,6,269700,3,3,3,269700,3,5.0,5.0,0,1,1.0,0.0
13,2017,small_appliances,3ecf69ee1fe21cfd40b30cbea549e563,small_appliances,3ecf69ee1fe21cfd40b30cbea549e563,仅6月销售,0,1,0,269000,0.0,2690.0,,2690.0,269000,2690.0,,,,269000.0,,,2690.0,5,0,0,0,0,0,0,,,0,0,,
13,2017,small_appliances,3ecf69ee1fe21cfd40b30cbea549e563,small_appliances,3ecf69ee1fe21cfd40b30cbea549e563,仅6月销售,0,1,0,269000,0.0,2690.0,,2690.0,269000,2690.0,,,,269000.0,,,2690.0,6,269000,1,1,1,269000,1,1.0,1.0,1,0,1.0,1.0
14,2017,computers_accessories,a233df9a388d27dbdfd31731d4236db0,computers_accessories,a233df9a388d27dbdfd31731d4236db0,仅6月销售,0,1,0,264999,0.0,2649.99,,2649.99,264999,2649.99,,,,264999.0,,,2649.99,5,0,0,0,0,0,0,,,0,0,,
14,2017,computers_accessories,a233df9a388d27dbdfd31731d4236db0,computers_accessories,a233df9a388d27dbdfd31731d4236db0,仅6月销售,0,1,0,264999,0.0,2649.99,,2649.99,264999,2649.99,,,,264999.0,,,2649.99,6,264999,1,1,1,264999,1,5.0,5.0,0,0,1.0,0.0
15,2017,cool_stuff,122bedead6e7541d311e6e0ab3cf248f,cool_stuff,122bedead6e7541d311e6e0ab3cf248f,仅6月销售,0,1,0,264900,0.0,2649.0,,2649.0,264900,2649.0,,,,264900.0,,,2649.0,5,0,0,0,0,0,0,,,0,0,,
15,2017,cool_stuff,122bedead6e7541d311e6e0ab3cf248f,cool_stuff,122bedead6e7541d311e6e0ab3cf248f,仅6月销售,0,1,0,264900,0.0,2649.0,,2649.0,264900,2649.0,,,,264900.0,,,2649.0,6,264900,1,1,1,264900,1,4.0,4.0,0,0,1.0,0.0
16,2017,cool_stuff,1ed724b5e4b638eeb4bd3487d88b8f28,cool_stuff,1ed724b5e4b638eeb4bd3487d88b8f28,仅6月销售,0,1,0,264900,0.0,2649.0,,2649.0,264900,2649.0,,,,264900.0,,,2649.0,5,0,0,0,0,0,0,,,0,0,,
16,2017,cool_stuff,1ed724b5e4b638eeb4bd3487d88b8f28,cool_stuff,1ed724b5e4b638eeb4bd3487d88b8f28,仅6月销售,0,1,0,264900,0.0,2649.0,,2649.0,264900,2649.0,,,,264900.0,,,2649.0,6,264900,1,1,1,264900,1,5.0,5.0,0,1,1.0,0.0
17,2017,cool_stuff,ab50aa8d9af0addb7f96149c8b8cee86,cool_stuff,ab50aa8d9af0addb7f96149c8b8cee86,仅6月销售,0,1,0,249999,0.0,2499.99,,2499.99,249999,2499.99,,,,249999.0,,,2499.99,5,0,0,0,0,0,0,,,0,0,,
17,2017,cool_stuff,ab50aa8d9af0addb7f96149c8b8cee86,cool_stuff,ab50aa8d9af0addb7f96149c8b8cee86,仅6月销售,0,1,0,249999,0.0,2499.99,,2499.99,249999,2499.99,,,,249999.0,,,2499.99,6,249999,1,1,1,249999,1,5.0,5.0,0,1,1.0,0.0
18,2017,auto,ace4686a281385c082500437e5e73b61,auto,ace4686a281385c082500437e5e73b61,仅5月销售,2,0,239998,0,2399.98,0.0,1199.99,,-239998,-2399.98,-100.0,,,-239998.0,,,-2399.98,5,239998,2,2,2,239998,2,3.5,3.5,1,2,1.0,0.5
18,2017,auto,ace4686a281385c082500437e5e73b61,auto,ace4686a281385c082500437e5e73b61,仅5月销售,2,0,239998,0,2399.98,0.0,1199.99,,-239998,-2399.98,-100.0,,,-239998.0,,,-2399.98,6,0,0,0,0,0,0,,,0,0,,
19,2017,health_beauty,27535386be7362e36d9e78c2afb8c0e5,health_beauty,27535386be7362e36d9e78c2afb8c0e5,仅6月销售,0,2,0,239980,0.0,2399.8,,1199.9,239980,2399.8,,,,239980.0,,,2399.8,5,0,0,0,0,0,0,,,0,0,,
19,2017,health_beauty,27535386be7362e36d9e78c2afb8c0e5,health_beauty,27535386be7362e36d9e78c2afb8c0e5,仅6月销售,0,2,0,239980,0.0,2399.8,,1199.9,239980,2399.8,,,,239980.0,,,2399.8,6,239980,2,2,2,239980,2,5.0,5.0,0,1,1.0,0.0
20,2017,computers_accessories,e272c7b6c21c38e8ee510666a28460d4,computers_accessories,e272c7b6c21c38e8ee510666a28460d4,两月均有销量,3,1,359700,119900,3597.0,1199.0,1199.0,1199.0,-239800,-2398.0,-66.66666666666667,-239800.0,0.0,,-2398.0,0.0,,5,359700,3,1,3,359700,1,5.0,5.0,0,0,1.0,0.0
20,2017,computers_accessories,e272c7b6c21c38e8ee510666a28460d4,computers_accessories,e272c7b6c21c38e8ee510666a28460d4,两月均有销量,3,1,359700,119900,3597.0,1199.0,1199.0,1199.0,-239800,-2398.0,-66.66666666666667,-239800.0,0.0,,-2398.0,0.0,,6,119900,1,1,1,119900,1,5.0,5.0,0,1,1.0,0.0
