product_id,rank_2017,rank_2018,category_2017,all_categories_2017,product_label_2017,sales_status_2017,may_item_rows_2017,june_item_rows_2017,may_merchandise_cents_2017,june_merchandise_cents_2017,may_amount_brl_2017,june_amount_brl_2017,may_avg_price_brl_per_item_2017,june_avg_price_brl_per_item_2017,amount_change_cents_2017,amount_change_brl_2017,amount_change_pct_2017,volume_contribution_cents_2017,price_contribution_cents_2017,entry_exit_cents_2017,volume_contribution_brl_2017,price_contribution_brl_2017,entry_exit_brl_2017,category_2018,all_categories_2018,product_label_2018,sales_status_2018,may_item_rows_2018,june_item_rows_2018,may_merchandise_cents_2018,june_merchandise_cents_2018,may_amount_brl_2018,june_amount_brl_2018,may_avg_price_brl_per_item_2018,june_avg_price_brl_per_item_2018,amount_change_cents_2018,amount_change_brl_2018,amount_change_pct_2018,volume_contribution_cents_2018,price_contribution_cents_2018,entry_exit_cents_2018,volume_contribution_brl_2018,price_contribution_brl_2018,entry_exit_brl_2018
fd0065af7f09af4b82a0ca8f3eed1852,1.0,,auto,auto,fd0065af7f09af4b82a0ca8f3eed1852,仅6月销售,0,8,0,1599992,0.0,15999.92,,1999.99,1599992,15999.92,,,,1599992,,,15999.92,该年无销量,该年无销量,fd0065af7f09af4b82a0ca8f3eed1852,该年无销量,0,0,0,0,0.0,0.0,,,0,0.0,,,,,,,
53b36df67ebb7c41585e8d54d6772e08,,1.0,watches_gifts,watches_gifts,53b36df67ebb7c41585e8d54d6772e08,仅6月销售,0,4,0,65200,0.0,652.0,,163.0,65200,652.0,,,,65200,,,652.0,watches_gifts,watches_gifts,53b36df67ebb7c41585e8d54d6772e08,两月均有销量,114,9,1182020,107100,11820.2,1071.0,103.68596491228071,119.0,-1074920,-10749.2,-90.93923960677485,-1169101,94181,,-11691.01,941.81,
1bdf5e6731585cf01aa8169c7028d6ad,2.0,,art,art,1bdf5e6731585cf01aa8169c7028d6ad,仅5月销售,1,0,649900,0,6499.0,0.0,6499.0,,-649900,-6499.0,-100.0,,,-649900,,,-6499.0,该年无销量,该年无销量,1bdf5e6731585cf01aa8169c7028d6ad,该年无销量,0,0,0,0,0.0,0.0,,,0,0.0,,,,,,,
44fc450365728c413fefc547592626be,,2.0,该年无销量,该年无销量,44fc450365728c413fefc547592626be,该年无销量,0,0,0,0,0.0,0.0,,,0,0.0,,,,,,,,small_appliances,small_appliances,44fc450365728c413fefc547592626be,两月均有销量,3,10,254700,869200,2547.0,8692.0,849.0,869.2,614500,6145.0,241.26423243031016,601370,13130,,6013.7,131.3,
aca2eb7d00ea1a7b8ebd4e68314663af,,3.0,该年无销量,该年无销量,aca2eb7d00ea1a7b8ebd4e68314663af,该年无销量,0,0,0,0,0.0,0.0,,,0,0.0,,,,,,,,furniture_decor,furniture_decor,aca2eb7d00ea1a7b8ebd4e68314663af,两月均有销量,90,2,629100,17980,6291.0,179.8,69.9,89.9,-611120,-6111.2,-97.14194881576856,-703120,92000,,-7031.2,920.0,
9453bde60c4ee52155c963641736cfc5,3.0,,health_beauty,health_beauty,9453bde60c4ee52155c963641736cfc5,仅5月销售,11,0,508999,0,5089.99,0.0,462.7263636363636,,-508999,-5089.99,-100.0,,,-508999,,,-5089.99,该年无销量,该年无销量,9453bde60c4ee52155c963641736cfc5,该年无销量,0,0,0,0,0.0,0.0,,,0,0.0,,,,,,,
af751fe756699bddfce4fdd67242fc2a,,4.0,该年无销量,该年无销量,af751fe756699bddfce4fdd67242fc2a,该年无销量,0,0,0,0,0.0,0.0,,,0,0.0,,,,,,,,computers_accessories,computers_accessories,af751fe756699bddfce4fdd67242fc2a,仅5月销售,4,0,504000,0,5040.0,0.0,1260.0,,-504000,-5040.0,-100.0,,,-504000,,,-5040.0
0abc19e41fdc9d6894b8cae651619253,,5.0,该年无销量,该年无销量,0abc19e41fdc9d6894b8cae651619253,该年无销量,0,0,0,0,0.0,0.0,,,0,0.0,,,,,,,,electronics,electronics,0abc19e41fdc9d6894b8cae651619253,仅5月销售,2,0,494100,0,4941.0,0.0,2470.5,,-494100,-4941.0,-100.0,,,-494100,,,-4941.0
259037a6a41845e455183f89c5035f18,,6.0,该年无销量,该年无销量,259037a6a41845e455183f89c5035f18,该年无销量,0,0,0,0,0.0,0.0,,,0,0.0,,,,,,,,computers,computers,259037a6a41845e455183f89c5035f18,仅6月销售,0,1,0,459000,0.0,4590.0,,4590.0,459000,4590.0,,,,459000,,,4590.0
25292482a61cb3298df8dbe15ea69daf,,7.0,该年无销量,该年无销量,25292482a61cb3298df8dbe15ea69daf,该年无销量,0,0,0,0,0.0,0.0,,,0,0.0,,,,,,,,health_beauty,health_beauty,25292482a61cb3298df8dbe15ea69daf,仅6月销售,0,3,0,449895,0.0,4498.95,,1499.65,449895,4498.95,,,,449895,,,4498.95
87feb07adc221a4c6cdf051ea1afd0ff,,8.0,该年无销量,该年无销量,87feb07adc221a4c6cdf051ea1afd0ff,该年无销量,0,0,0,0,0.0,0.0,,,0,0.0,,,,,,,,home_appliances_2,home_appliances_2,87feb07adc221a4c6cdf051ea1afd0ff,两月均有销量,3,1,633000,211000,6330.0,2110.0,2110.0,2110.0,-422000,-4220.0,-66.66666666666667,-422000,0,,-4220.0,0.0,
57c9362442482cd2451f2eabf468e532,,9.0,该年无销量,该年无销量,57c9362442482cd2451f2eabf468e532,该年无销量,0,0,0,0,0.0,0.0,,,0,0.0,,,,,,,,watches_gifts,watches_gifts,57c9362442482cd2451f2eabf468e532,两月均有销量,5,1,495597,86900,4955.97,869.0,991.194,869.0,-408697,-4086.97,-82.46559200318,-372039,-36658,,-3720.39,-366.58,
8a12c0e223d9dbd49ccfcd2ad25d1b30,,10.0,该年无销量,该年无销量,8a12c0e223d9dbd49ccfcd2ad25d1b30,该年无销量,0,0,0,0,0.0,0.0,,,0,0.0,,,,,,,,construction_tools_construction,construction_tools_construction,8a12c0e223d9dbd49ccfcd2ad25d1b30,两月均有销量,1,3,189000,594000,1890.0,5940.0,1890.0,1980.0,405000,4050.0,214.28571428571428,387000,18000,,3870.0,180.0,
fe59a1e006df3ac42bf0ceb876d70969,4.0,,computers_accessories,computers_accessories,fe59a1e006df3ac42bf0ceb876d70969,仅5月销售,5,0,402730,0,4027.3,0.0,805.46,,-402730,-4027.3,-100.0,,,-402730,,,-4027.3,该年无销量,该年无销量,fe59a1e006df3ac42bf0ceb876d70969,该年无销量,0,0,0,0,0.0,0.0,,,0,0.0,,,,,,,
0563d4cc419141eab2e5b438046e844e,,11.0,该年无销量,该年无销量,0563d4cc419141eab2e5b438046e844e,该年无销量,0,0,0,0,0.0,0.0,,,0,0.0,,,,,,,,garden_tools,garden_tools,0563d4cc419141eab2e5b438046e844e,仅5月销售,1,0,393000,0,3930.0,0.0,3930.0,,-393000,-3930.0,-100.0,,,-393000,,,-3930.0
d285360f29ac7fd97640bf0baef03de0,,12.0,该年无销量,该年无销量,d285360f29ac7fd97640bf0baef03de0,该年无销量,0,0,0,0,0.0,0.0,,,0,0.0,,,,,,,,watches_gifts,watches_gifts,d285360f29ac7fd97640bf0baef03de0,两月均有销量,19,4,490640,98360,4906.4,983.6,258.23157894736846,245.9,-392280,-3922.8,-79.95271482145769,-378099,-14181,,-3780.99,-141.81,
0eb41884a8773e019708fb8409fd8347,,13.0,该年无销量,该年无销量,0eb41884a8773e019708fb8409fd8347,该年无销量,0,0,0,0,0.0,0.0,,,0,0.0,,,,,,,,baby,baby,0eb41884a8773e019708fb8409fd8347,仅6月销售,0,1,0,389900,0.0,3899.0,,3899.0,389900,3899.0,,,,389900,,,3899.0
6f3b5b605d91b7439c5e3f5a8dffeea7,,14.0,该年无销量,该年无销量,6f3b5b605d91b7439c5e3f5a8dffeea7,该年无销量,0,0,0,0,0.0,0.0,,,0,0.0,,,,,,,,watches_gifts,watches_gifts,6f3b5b605d91b7439c5e3f5a8dffeea7,两月均有销量,30,3,435500,45790,4355.0,457.9,145.16666666666666,152.63333333333333,-389710,-3897.1,-89.48564867967853,-402030,12320,,-4020.3,123.2,
ba55945d930e34e802e5dd2e5cffdcc8,5.0,,musical_instruments,musical_instruments,ba55945d930e34e802e5dd2e5cffdcc8,仅5月销售,2,0,379824,0,3798.24,0.0,1899.12,,-379824,-3798.24,-100.0,,,-379824,,,-3798.24,该年无销量,该年无销量,ba55945d930e34e802e5dd2e5cffdcc8,该年无销量,0,0,0,0,0.0,0.0,,,0,0.0,,,,,,,
89b121bee266dcd25688a1ba72eefb61,,15.0,该年无销量,该年无销量,89b121bee266dcd25688a1ba72eefb61,该年无销量,0,0,0,0,0.0,0.0,,,0,0.0,,,,,,,,computers_accessories,computers_accessories,89b121bee266dcd25688a1ba72eefb61,仅5月销售,46,0,367540,0,3675.4,0.0,79.9,,-367540,-3675.4,-100.0,,,-367540,,,-3675.4
3dd2a17168ec895c781a9191c1e95ad7,,16.0,该年无销量,该年无销量,3dd2a17168ec895c781a9191c1e95ad7,该年无销量,0,0,0,0,0.0,0.0,,,0,0.0,,,,,,,,computers_accessories,computers_accessories,3dd2a17168ec895c781a9191c1e95ad7,两月均有销量,51,27,764490,404730,7644.9,4047.3,149.9,149.9,-359760,-3597.6,-47.05882352941177,-359760,0,,-3597.6,0.0,
fbce4c4cb307679d89a3bf3d3bb353b9,,17.0,该年无销量,该年无销量,fbce4c4cb307679d89a3bf3d3bb353b9,该年无销量,0,0,0,0,0.0,0.0,,,0,0.0,,,,,,,,bed_bath_table,bed_bath_table,fbce4c4cb307679d89a3bf3d3bb353b9,两月均有销量,3,29,38700,396100,387.0,3961.0,129.0,136.58620689655172,357400,3574.0,923.5142118863049,345262,12138,,3452.62,121.38,
42a2c92a0979a949ca4ea89ec5c7b934,6.0,,housewares,housewares,42a2c92a0979a949ca4ea89ec5c7b934,两月均有销量,13,71,77870,425290,778.7,4252.9,59.9,59.9,347420,3474.2,446.15384615384613,347420,0,,3474.2,0.0,,该年无销量,该年无销量,42a2c92a0979a949ca4ea89ec5c7b934,该年无销量,0,0,0,0,0.0,0.0,,,0,0.0,,,,,,,
ff92ca9bb0b3f4ec00a9b76c9f68cb3a,,18.0,该年无销量,该年无销量,ff92ca9bb0b3f4ec00a9b76c9f68cb3a,该年无销量,0,0,0,0,0.0,0.0,,,0,0.0,,,,,,,,small_appliances_home_oven_and_coffee,small_appliances_home_oven_and_coffee,ff92ca9bb0b3f4ec00a9b76c9f68cb3a,仅5月销售,4,0,343560,0,3435.6,0.0,858.9,,-343560,-3435.6,-100.0,,,-343560,,,-3435.6
0433830caca22b01a0f477d31307b043,,19.0,该年无销量,该年无销量,0433830caca22b01a0f477d31307b043,该年无销量,0,0,0,0,0.0,0.0,,,0,0.0,,,,,,,,small_appliances_home_oven_and_coffee,small_appliances_home_oven_and_coffee,0433830caca22b01a0f477d31307b043,两月均有销量,3,1,539700,199900,5397.0,1999.0,1799.0,1999.0,-339800,-3398.0,-62.96090420604039,-379800,40000,,-3798.0,400.0,
7a10781637204d8d10485c71a6108a2e,,20.0,该年无销量,该年无销量,7a10781637204d8d10485c71a6108a2e,该年无销量,0,0,0,0,0.0,0.0,,,0,0.0,,,,,,,,watches_gifts,watches_gifts,7a10781637204d8d10485c71a6108a2e,仅5月销售,17,0,338300,0,3383.0,0.0,199.0,,-338300,-3383.0,-100.0,,,-338300,,,-3383.0
1d16c0509e7011656e03c6a582ff6667,7.0,,health_beauty,health_beauty,1d16c0509e7011656e03c6a582ff6667,仅5月销售,4,0,304000,0,3040.0,0.0,760.0,,-304000,-3040.0,-100.0,,,-304000,,,-3040.0,health_beauty,health_beauty,1d16c0509e7011656e03c6a582ff6667,仅5月销售,1,0,76000,0,760.0,0.0,760.0,,-76000,-760.0,-100.0,,,-76000,,,-760.0
470433f95ba906e17efac3fce39e9ffd,8.0,,computers_accessories,computers_accessories,470433f95ba906e17efac3fce39e9ffd,仅6月销售,0,1,0,299989,0.0,2999.89,,2999.89,299989,2999.89,,,,299989,,,2999.89,该年无销量,该年无销量,470433f95ba906e17efac3fce39e9ffd,该年无销量,0,0,0,0,0.0,0.0,,,0,0.0,,,,,,,
5f504b3a1c75b73d6151be81eb05bdc9,9.0,,cool_stuff,cool_stuff,5f504b3a1c75b73d6151be81eb05bdc9,两月均有销量,2,7,114400,400400,1144.0,4004.0,572.0,572.0,286000,2860.0,250.0,286000,0,,2860.0,0.0,,该年无销量,该年无销量,5f504b3a1c75b73d6151be81eb05bdc9,该年无销量,0,0,0,0,0.0,0.0,,,0,0.0,,,,,,,
d7324d4c913e7b424cb61675dafc8c10,10.0,,sports_leisure,sports_leisure,d7324d4c913e7b424cb61675dafc8c10,仅5月销售,1,0,279900,0,2799.0,0.0,2799.0,,-279900,-2799.0,-100.0,,,-279900,,,-2799.0,该年无销量,该年无销量,d7324d4c913e7b424cb61675dafc8c10,该年无销量,0,0,0,0,0.0,0.0,,,0,0.0,,,,,,,
0e030462875259ec0cb868f7ecf1fd5e,11.0,,(unknown),(unknown),0e030462875259ec0cb868f7ecf1fd5e,仅5月销售,1,0,274000,0,2740.0,0.0,2740.0,,-274000,-2740.0,-100.0,,,-274000,,,-2740.0,该年无销量,该年无销量,0e030462875259ec0cb868f7ecf1fd5e,该年无销量,0,0,0,0,0.0,0.0,,,0,0.0,,,,,,,
f6a84928571f68635beb0f5c9333c6f3,12.0,,sports_leisure,sports_leisure,f6a84928571f68635beb0f5c9333c6f3,仅6月销售,0,3,0,269700,0.0,2697.0,,899.0,269700,2697.0,,,,269700,,,2697.0,该年无销量,该年无销量,f6a84928571f68635beb0f5c9333c6f3,该年无销量,0,0,0,0,0.0,0.0,,,0,0.0,,,,,,,
3ecf69ee1fe21cfd40b30cbea549e563,13.0,,small_appliances,small_appliances,3ecf69ee1fe21cfd40b30cbea549e563,仅6月销售,0,1,0,269000,0.0,2690.0,,2690.0,269000,2690.0,,,,269000,,,2690.0,该年无销量,该年无销量,3ecf69ee1fe21cfd40b30cbea549e563,该年无销量,0,0,0,0,0.0,0.0,,,0,0.0,,,,,,,
a233df9a388d27dbdfd31731d4236db0,14.0,,computers_accessories,computers_accessories,a233df9a388d27dbdfd31731d4236db0,仅6月销售,0,1,0,264999,0.0,2649.99,,2649.99,264999,2649.99,,,,264999,,,2649.99,该年无销量,该年无销量,a233df9a388d27dbdfd31731d4236db0,该年无销量,0,0,0,0,0.0,0.0,,,0,0.0,,,,,,,
122bedead6e7541d311e6e0ab3cf248f,15.0,,cool_stuff,cool_stuff,122bedead6e7541d311e6e0ab3cf248f,仅6月销售,0,1,0,264900,0.0,2649.0,,2649.0,264900,2649.0,,,,264900,,,2649.0,该年无销量,该年无销量,122bedead6e7541d311e6e0ab3cf248f,该年无销量,0,0,0,0,0.0,0.0,,,0,0.0,,,,,,,
1ed724b5e4b638eeb4bd3487d88b8f28,16.0,,cool_stuff,cool_stuff,1ed724b5e4b638eeb4bd3487d88b8f28,仅6月销售,0,1,0,264900,0.0,2649.0,,2649.0,264900,2649.0,,,,264900,,,2649.0,该年无销量,该年无销量,1ed724b5e4b638eeb4bd3487d88b8f28,该年无销量,0,0,0,0,0.0,0.0,,,0,0.0,,,,,,,
ab50aa8d9af0addb7f96149c8b8cee86,17.0,,cool_stuff,cool_stuff,ab50aa8d9af0addb7f96149c8b8cee86,仅6月销售,0,1,0,249999,0.0,2499.99,,2499.99,249999,2499.99,,,,249999,,,2499.99,该年无销量,该年无销量,ab50aa8d9af0addb7f96149c8b8cee86,该年无销量,0,0,0,0,0.0,0.0,,,0,0.0,,,,,,,
ace4686a281385c082500437e5e73b61,18.0,,auto,auto,ace4686a281385c082500437e5e73b61,仅5月销售,2,0,239998,0,2399.98,0.0,1199.99,,-239998,-2399.98,-100.0,,,-239998,,,-2399.98,该年无销量,该年无销量,ace4686a281385c082500437e5e73b61,该年无销量,0,0,0,0,0.0,0.0,,,0,0.0,,,,,,,
27535386be7362e36d9e78c2afb8c0e5,19.0,,health_beauty,health_beauty,27535386be7362e36d9e78c2afb8c0e5,仅6月销售,0,2,0,239980,0.0,2399.8,,1199.9,239980,2399.8,,,,239980,,,2399.8,该年无销量,该年无销量,27535386be7362e36d9e78c2afb8c0e5,该年无销量,0,0,0,0,0.0,0.0,,,0,0.0,,,,,,,
e272c7b6c21c38e8ee510666a28460d4,20.0,,computers_accessories,computers_accessories,e272c7b6c21c38e8ee510666a28460d4,两月均有销量,3,1,359700,119900,3597.0,1199.0,1199.0,1199.0,-239800,-2398.0,-66.66666666666667,-239800,0,,-2398.0,0.0,,computers_accessories,computers_accessories,e272c7b6c21c38e8ee510666a28460d4,仅6月销售,0,1,0,113900,0.0,1139.0,,1139.0,113900,1139.0,,,,113900,,,1139.0
