year,rank,category,product_id,amount_change_cents,may_merchandise_cents,may_sales_item_rows,may_single_product_orders,may_single_order_item_rows,may_single_order_merchandise_cents,may_scored_orders,may_score_coverage,may_mean_order_score,may_median_order_score,may_low_score_orders,may_low_score_rate,may_text_orders,june_merchandise_cents,june_sales_item_rows,june_single_product_orders,june_single_order_item_rows,june_single_order_merchandise_cents,june_scored_orders,june_score_coverage,june_mean_order_score,june_median_order_score,june_low_score_orders,june_low_score_rate,june_text_orders,score_change_june_minus_may,low_score_rate_change_june_minus_may,comparison_status,small_sample,no_text_in_both_months
2018,1,watches_gifts,53b36df67ebb7c41585e8d54d6772e08,-1074920,1182020,114,106,113,1170330,106,1.0,4.471698113207547,5.0,7,0.0660377358490566,49,107100,9,9,9,107100,9,1.0,4.777777777777778,5.0,0,0.0,3,0.3060796645702304,-0.0660377358490566,两月均有评分,True,False
2018,2,small_appliances,44fc450365728c413fefc547592626be,614500,254700,3,2,3,254700,2,1.0,2.5,2.5,1,0.5,2,869200,10,8,10,869200,8,1.0,3.625,4.5,2,0.25,3,1.125,-0.25,两月均有评分,True,False
2018,3,furniture_decor,aca2eb7d00ea1a7b8ebd4e68314663af,-611120,629100,90,72,90,629100,72,1.0,4.555555555555555,5.0,4,0.05555555555555555,30,17980,2,1,2,17980,1,1.0,5.0,5.0,0,0.0,1,0.44444444444444464,-0.05555555555555555,两月均有评分,True,False
2018,4,computers_accessories,af751fe756699bddfce4fdd67242fc2a,-504000,504000,4,3,4,504000,3,1.0,4.666666666666667,5.0,0,0.0,1,0,0,0,0,0,0,,,,0,,0,,,仅5月销售,True,False
2018,5,electronics,0abc19e41fdc9d6894b8cae651619253,-494100,494100,2,2,2,494100,2,1.0,4.5,4.5,0,0.0,2,0,0,0,0,0,0,,,,0,,0,,,仅5月销售,True,False
2018,6,computers,259037a6a41845e455183f89c5035f18,459000,0,0,0,0,0,0,,,,0,,0,459000,1,1,1,459000,1,1.0,5.0,5.0,0,0.0,1,,,仅6月销售,True,False
2018,7,health_beauty,25292482a61cb3298df8dbe15ea69daf,449895,0,0,0,0,0,0,,,,0,,0,449895,3,3,3,449895,3,1.0,4.666666666666667,5.0,0,0.0,0,,,仅6月销售,True,True
2018,8,home_appliances_2,87feb07adc221a4c6cdf051ea1afd0ff,-422000,633000,3,3,3,633000,3,1.0,5.0,5.0,0,0.0,2,211000,1,1,1,211000,1,1.0,5.0,5.0,0,0.0,1,0.0,0.0,两月均有评分,True,False
2018,9,watches_gifts,57c9362442482cd2451f2eabf468e532,-408697,495597,5,5,5,495597,5,1.0,4.8,5.0,0,0.0,2,86900,1,1,1,86900,1,1.0,1.0,1.0,1,1.0,1,-3.8,1.0,两月均有评分,True,False
2018,10,construction_tools_construction,8a12c0e223d9dbd49ccfcd2ad25d1b30,405000,189000,1,1,1,189000,1,1.0,5.0,5.0,0,0.0,1,594000,3,3,3,594000,3,1.0,5.0,5.0,0,0.0,1,0.0,0.0,两月均有评分,True,False
2018,11,garden_tools,0563d4cc419141eab2e5b438046e844e,-393000,393000,1,1,1,393000,1,1.0,4.0,4.0,0,0.0,0,0,0,0,0,0,0,,,,0,,0,,,仅5月销售,True,True
2018,12,watches_gifts,d285360f29ac7fd97640bf0baef03de0,-392280,490640,19,18,18,464640,18,1.0,3.8333333333333335,5.0,3,0.16666666666666666,13,98360,4,4,4,98360,4,1.0,2.5,2.0,3,0.75,3,-1.3333333333333335,0.5833333333333334,两月均有评分,True,False
2018,13,baby,0eb41884a8773e019708fb8409fd8347,389900,0,0,0,0,0,0,,,,0,,0,389900,1,1,1,389900,1,1.0,5.0,5.0,0,0.0,0,,,仅6月销售,True,True
2018,14,watches_gifts,6f3b5b605d91b7439c5e3f5a8dffeea7,-389710,435500,30,30,30,435500,30,1.0,4.133333333333334,5.0,5,0.16666666666666666,14,45790,3,3,3,45790,3,1.0,4.333333333333333,5.0,0,0.0,1,0.1999999999999993,-0.16666666666666666,两月均有评分,True,False
2018,15,computers_accessories,89b121bee266dcd25688a1ba72eefb61,-367540,367540,46,41,45,359550,41,1.0,2.5121951219512195,1.0,23,0.5609756097560976,30,0,0,0,0,0,0,,,,0,,0,,,仅5月销售,False,False
2018,16,computers_accessories,3dd2a17168ec895c781a9191c1e95ad7,-359760,764490,51,43,51,764490,43,1.0,4.4186046511627906,5.0,5,0.11627906976744186,23,404730,27,27,27,404730,27,1.0,4.296296296296297,5.0,2,0.07407407407407407,11,-0.12230835486649383,-0.04220499569336779,两月均有评分,False,False
2018,17,bed_bath_table,fbce4c4cb307679d89a3bf3d3bb353b9,357400,38700,3,3,3,38700,3,1.0,5.0,5.0,0,0.0,3,396100,29,25,27,368300,25,1.0,3.88,4.0,5,0.2,17,-1.12,0.2,两月均有评分,True,False
2018,18,small_appliances_home_oven_and_coffee,ff92ca9bb0b3f4ec00a9b76c9f68cb3a,-343560,343560,4,4,4,343560,4,1.0,4.75,5.0,0,0.0,1,0,0,0,0,0,0,,,,0,,0,,,仅5月销售,True,False
2018,19,small_appliances_home_oven_and_coffee,0433830caca22b01a0f477d31307b043,-339800,539700,3,3,3,539700,3,1.0,3.3333333333333335,4.0,1,0.3333333333333333,1,199900,1,1,1,199900,1,1.0,5.0,5.0,0,0.0,0,1.6666666666666665,-0.3333333333333333,两月均有评分,True,False
2018,20,watches_gifts,7a10781637204d8d10485c71a6108a2e,-338300,338300,17,17,17,338300,17,1.0,4.235294117647059,5.0,2,0.11764705882352941,10,0,0,0,0,0,0,,,,0,,0,,,仅5月销售,False,False
2017,1,auto,fd0065af7f09af4b82a0ca8f3eed1852,1599992,0,0,0,0,0,0,,,,0,,0,1599992,8,8,8,1599992,8,1.0,1.25,1.0,7,0.875,7,,,仅6月销售,True,False
2017,2,art,1bdf5e6731585cf01aa8169c7028d6ad,-649900,649900,1,1,1,649900,1,1.0,5.0,5.0,0,0.0,0,0,0,0,0,0,0,,,,0,,0,,,仅5月销售,True,True
2017,3,health_beauty,9453bde60c4ee52155c963641736cfc5,-508999,508999,11,11,11,508999,11,1.0,4.181818181818182,5.0,1,0.09090909090909091,7,0,0,0,0,0,0,,,,0,,0,,,仅5月销售,False,False
2017,4,computers_accessories,fe59a1e006df3ac42bf0ceb876d70969,-402730,402730,5,4,5,402730,4,1.0,4.0,4.0,0,0.0,1,0,0,0,0,0,0,,,,0,,0,,,仅5月销售,True,False
2017,5,musical_instruments,ba55945d930e34e802e5dd2e5cffdcc8,-379824,379824,2,2,2,379824,2,1.0,5.0,5.0,0,0.0,2,0,0,0,0,0,0,,,,0,,0,,,仅5月销售,True,False
2017,6,housewares,42a2c92a0979a949ca4ea89ec5c7b934,347420,77870,13,13,13,77870,13,1.0,3.923076923076923,5.0,3,0.23076923076923078,7,425290,71,61,70,419300,61,1.0,3.901639344262295,5.0,11,0.18032786885245902,28,-0.021437578814627933,-0.05044136191677176,两月均有评分,False,False
2017,7,health_beauty,1d16c0509e7011656e03c6a582ff6667,-304000,304000,4,3,4,304000,3,1.0,5.0,5.0,0,0.0,1,0,0,0,0,0,0,,,,0,,0,,,仅5月销售,True,False
2017,8,computers_accessories,470433f95ba906e17efac3fce39e9ffd,299989,0,0,0,0,0,0,,,,0,,0,299989,1,1,1,299989,1,1.0,5.0,5.0,0,0.0,0,,,仅6月销售,True,True
2017,9,cool_stuff,5f504b3a1c75b73d6151be81eb05bdc9,286000,114400,2,2,2,114400,2,1.0,5.0,5.0,0,0.0,2,400400,7,7,7,400400,7,1.0,4.857142857142857,5.0,0,0.0,2,-0.14285714285714324,0.0,两月均有评分,True,False
2017,10,sports_leisure,d7324d4c913e7b424cb61675dafc8c10,-279900,279900,1,1,1,279900,1,1.0,1.0,1.0,1,1.0,1,0,0,0,0,0,0,,,,0,,0,,,仅5月销售,True,False
2017,11,(unknown),0e030462875259ec0cb868f7ecf1fd5e,-274000,274000,1,1,1,274000,1,1.0,2.0,2.0,1,1.0,1,0,0,0,0,0,0,,,,0,,0,,,仅5月销售,True,False
2017,12,sports_leisure,f6a84928571f68635beb0f5c9333c6f3,269700,0,0,0,0,0,0,,,,0,,0,269700,3,3,3,269700,3,1.0,5.0,5.0,0,0.0,1,,,仅6月销售,True,False
2017,13,small_appliances,3ecf69ee1fe21cfd40b30cbea549e563,269000,0,0,0,0,0,0,,,,0,,0,269000,1,1,1,269000,1,1.0,1.0,1.0,1,1.0,0,,,仅6月销售,True,True
2017,14,computers_accessories,a233df9a388d27dbdfd31731d4236db0,264999,0,0,0,0,0,0,,,,0,,0,264999,1,1,1,264999,1,1.0,5.0,5.0,0,0.0,0,,,仅6月销售,True,True
2017,15,cool_stuff,122bedead6e7541d311e6e0ab3cf248f,264900,0,0,0,0,0,0,,,,0,,0,264900,1,1,1,264900,1,1.0,4.0,4.0,0,0.0,0,,,仅6月销售,True,True
2017,16,cool_stuff,1ed724b5e4b638eeb4bd3487d88b8f28,264900,0,0,0,0,0,0,,,,0,,0,264900,1,1,1,264900,1,1.0,5.0,5.0,0,0.0,1,,,仅6月销售,True,False
2017,17,cool_stuff,ab50aa8d9af0addb7f96149c8b8cee86,249999,0,0,0,0,0,0,,,,0,,0,249999,1,1,1,249999,1,1.0,5.0,5.0,0,0.0,1,,,仅6月销售,True,False
2017,18,auto,ace4686a281385c082500437e5e73b61,-239998,239998,2,2,2,239998,2,1.0,3.5,3.5,1,0.5,2,0,0,0,0,0,0,,,,0,,0,,,仅5月销售,True,False
2017,19,health_beauty,27535386be7362e36d9e78c2afb8c0e5,239980,0,0,0,0,0,0,,,,0,,0,239980,2,2,2,239980,2,1.0,5.0,5.0,0,0.0,1,,,仅6月销售,True,False
2017,20,computers_accessories,e272c7b6c21c38e8ee510666a28460d4,-239800,359700,3,1,3,359700,1,1.0,5.0,5.0,0,0.0,0,119900,1,1,1,119900,1,1.0,5.0,5.0,0,0.0,1,0.0,0.0,两月均有评分,True,False
