year,category,category_presence,may_item_rows,june_item_rows,may_merchandise_cents,june_merchandise_cents,may_amount_brl,june_amount_brl,may_avg_price_brl_per_item,june_avg_price_brl_per_item,amount_change_cents,amount_change_brl,amount_change_pct,volume_contribution_cents,price_contribution_cents,entry_exit_cents,volume_contribution_brl,price_contribution_brl,entry_exit_brl
2017,(unknown),两月均有销量,91,58,1081834,490240,10818.34,4902.4,118.88285714285713,84.52413793103447,-591594,-5915.94,-54.68436007742408,-335622,-255972,,-3356.22,-2559.72,
2017,agro_industry_and_commerce,两月均有销量,4,1,157994,139000,1579.94,1390.0,394.985,1390.0,-18994,-189.94,-12.021975518057648,-267748,248754,,-2677.48,2487.54,
2017,air_conditioning,两月均有销量,7,11,91487,208448,914.87,2084.48,130.6957142857143,189.4981818181818,116961,1169.61,127.84439319247544,64039,52922,,640.39,529.22,
2017,art,两月均有销量,6,4,692725,20030,6927.25,200.3,1154.5416666666667,50.075,-672695,-6726.95,-97.10852069724638,-120462,-552233,,-1204.62,-5522.33,
2017,arts_and_craftmanship,仅5月有销量,1,0,2199,0,21.99,0.0,21.99,,-2199,-21.99,-100.0,,,-2199,,,-21.99
2017,audio,两月均有销量,17,11,208118,167100,2081.18,1671.0,122.42235294117647,151.9090909090909,-41018,-410.18,-19.709011234011474,-82299,41281,,-822.99,412.81,
2017,auto,两月均有销量,113,110,1750125,2933571,17501.25,29335.71,154.8783185840708,266.68827272727276,1183446,11834.46,67.62065566745233,-63235,1246681,,-632.35,12466.81,
2017,baby,两月均有销量,102,78,893372,786474,8933.72,7864.74,87.58549019607842,100.83,-106898,-1068.98,-11.965676112526472,-226099,119201,,-2260.99,1192.01,
2017,bed_bath_table,两月均有销量,361,369,3268460,3380323,32684.6,33803.23,90.53905817174514,91.60766937669378,111863,1118.63,3.422498669097985,72859,39004,,728.59,390.04,
2017,books_general_interest,两月均有销量,20,20,184157,192218,1841.57,1922.18,92.0785,96.109,8061,80.61,4.377243330419153,0,8061,,0.0,80.61,
2017,books_imported,仅6月有销量,0,2,0,9900,0.0,99.0,,49.5,9900,99.0,,,,9900,,,99.0
2017,books_technical,两月均有销量,3,2,26200,14590,262.0,145.9,87.33333333333334,72.95,-11610,-116.1,-44.31297709923664,-8014,-3596,,-80.14,-35.96,
2017,christmas_supplies,仅6月有销量,0,3,0,18470,0.0,184.7,,61.56666666666667,18470,184.7,,,,18470,,,184.7
2017,cine_photo,两月均有销量,1,1,5900,7900,59.0,79.0,59.0,79.0,2000,20.0,33.898305084745765,0,2000,,0.0,20.0,
2017,computers,两月均无销量,0,0,0,0,0.0,0.0,,,0,0.0,,,,,,,
2017,computers_accessories,两月均有销量,309,254,4475939,3619370,44759.39,36193.7,144.8523948220065,142.49488188976378,-856569,-8565.69,-19.13719110112984,-790205,-66364,,-7902.05,-663.64,
2017,consoles_games,两月均有销量,29,29,250720,530903,2507.2,5309.03,86.4551724137931,183.07,280183,2801.83,111.75135609444798,0,280183,,0.0,2801.83,
2017,construction_tools_construction,两月均有销量,1,8,9999,37637,99.99,376.37,99.99,47.04625,27638,276.38,276.4076407640764,51463,-23825,,514.63,-238.25,
2017,construction_tools_lights,两月均无销量,0,0,0,0,0.0,0.0,,,0,0.0,,,,,,,
2017,construction_tools_safety,两月均无销量,0,0,0,0,0.0,0.0,,,0,0.0,,,,,,,
2017,cool_stuff,两月均有销量,241,199,3248160,3810961,32481.6,38109.61,134.77842323651453,191.50557788944724,562801,5628.01,17.32676345992808,-685196,1247997,,-6851.96,12479.97,
2017,costruction_tools_garden,两月均有销量,7,4,144734,43469,1447.34,434.69,206.76285714285714,108.6725,-101265,-1012.65,-69.96628297428386,-47315,-53950,,-473.15,-539.5,
2017,costruction_tools_tools,仅5月有销量,2,0,80390,0,803.9,0.0,401.95,,-80390,-803.9,-100.0,,,-80390,,,-803.9
2017,diapers_and_hygiene,两月均无销量,0,0,0,0,0.0,0.0,,,0,0.0,,,,,,,
2017,drinks,两月均有销量,1,1,9000,4999,90.0,49.99,90.0,49.99,-4001,-40.01,-44.455555555555556,0,-4001,,0.0,-40.01,
2017,dvds_blu_ray,两月均有销量,4,4,8960,12669,89.6,126.69,22.4,31.6725,3709,37.09,41.395089285714285,0,3709,,0.0,37.09,
2017,electronics,两月均有销量,65,41,614911,206004,6149.11,2060.04,94.6016923076923,50.244878048780485,-408907,-4089.07,-66.49856645921118,-173816,-235091,,-1738.16,-2350.91,
2017,fashio_female_clothing,两月均有销量,4,3,36750,15480,367.5,154.8,91.875,51.6,-21270,-212.7,-57.87755102040816,-7174,-14096,,-71.74,-140.96,
2017,fashion_bags_accessories,两月均有销量,104,81,719200,672213,7192.0,6722.13,69.15384615384615,82.98925925925926,-46987,-469.87,-6.5332313681868746,-174965,127978,,-1749.65,1279.78,
2017,fashion_childrens_clothes,两月均有销量,1,1,11000,11000,110.0,110.0,110.0,110.0,0,0.0,0.0,0,0,,0.0,0.0,
2017,fashion_male_clothing,两月均有销量,4,9,60890,51979,608.9,519.79,152.225,57.754444444444445,-8911,-89.11,-14.63458696009197,52495,-61406,,524.95,-614.06,
2017,fashion_shoes,两月均有销量,22,19,166954,127938,1669.54,1279.38,75.88818181818182,67.3357894736842,-39016,-390.16,-23.369311307306205,-21484,-17532,,-214.84,-175.32,
2017,fashion_sport,两月均有销量,3,5,12484,47050,124.84,470.5,41.61333333333333,94.1,34566,345.66,276.8824094841397,13571,20995,,135.71,209.95,
2017,fashion_underwear_beach,两月均有销量,7,1,28350,390,283.5,3.9,40.5,3.9,-27960,-279.6,-98.62433862433862,-13320,-14640,,-133.2,-146.4,
2017,fixed_telephony,两月均有销量,9,12,44583,93367,445.83,933.67,49.53666666666667,77.80583333333333,48784,487.84,109.42287418971357,19101,29683,,191.01,296.83,
2017,flowers,两月均无销量,0,0,0,0,0.0,0.0,,,0,0.0,,,,,,,
2017,food,两月均有销量,3,1,38790,14990,387.9,149.9,129.3,149.9,-23800,-238.0,-61.35601959267853,-27920,4120,,-279.2,41.2,
2017,food_drink,两月均有销量,12,2,34549,5740,345.49,57.4,28.790833333333335,28.7,-28809,-288.09,-83.38591565602478,-28745,-64,,-287.45,-0.64,
2017,furniture_bedroom,两月均有销量,9,2,236997,30899,2369.97,308.99,263.33,154.495,-206098,-2060.98,-86.96228222298173,-146239,-59859,,-1462.39,-598.59,
2017,furniture_decor,两月均有销量,271,230,2231254,1661429,22312.54,16614.29,82.33409594095941,72.23604347826087,-569825,-5698.25,-25.538329567140273,-316869,-252956,,-3168.69,-2529.56,
2017,furniture_living_room,两月均有销量,32,15,447945,171330,4479.45,1713.3,139.9828125,114.22,-276615,-2766.15,-61.75200080367009,-216072,-60543,,-2160.72,-605.43,
2017,furniture_mattress_and_upholstery,仅5月有销量,3,0,59589,0,595.89,0.0,198.63,,-59589,-595.89,-100.0,,,-59589,,,-595.89
2017,garden_tools,两月均有销量,138,110,2037257,1544709,20372.57,15447.09,147.62731884057973,140.4280909090909,-492548,-4925.48,-24.177018412502694,-403278,-89270,,-4032.78,-892.7,
2017,health_beauty,两月均有销量,284,254,4634006,3167681,46340.06,31676.81,163.16922535211268,124.71185039370079,-1466325,-14663.25,-31.642708274439006,-431822,-1034503,,-4318.22,-10345.03,
2017,home_appliances,两月均有销量,28,43,191279,250719,1912.79,2507.19,68.31392857142856,58.30674418604651,59440,594.4,31.07502653192457,94966,-35526,,949.66,-355.26,
2017,home_appliances_2,两月均有销量,7,6,130605,121387,1306.05,1213.87,186.57857142857142,202.31166666666667,-9218,-92.18,-7.057922744152215,-19445,10227,,-194.45,102.27,
2017,home_comfort_2,仅6月有销量,0,1,0,1290,0.0,12.9,,12.9,1290,12.9,,,,1290,,,12.9
2017,home_confort,两月均有销量,35,17,511407,281820,5114.07,2818.2,146.1162857142857,165.77647058823527,-229587,-2295.87,-44.89320638943151,-280703,51116,,-2807.03,511.16,
2017,home_construction,两月均有销量,7,8,162050,199230,1620.5,1992.3,231.5,249.0375,37180,371.8,22.94353594569577,24027,13153,,240.27,131.53,
2017,housewares,两月均有销量,302,321,2137490,2297821,21374.9,22978.21,70.77781456953642,71.58320872274143,160331,1603.31,7.500900589008603,135243,25088,,1352.43,250.88,
2017,industry_commerce_and_business,两月均有销量,2,2,51980,27697,519.8,276.97,259.9,138.485,-24283,-242.83,-46.71604463255098,0,-24283,,0.0,-242.83,
2017,kitchen_dining_laundry_garden_furniture,两月均有销量,9,4,130448,37480,1304.48,374.8,144.94222222222223,93.7,-92968,-929.68,-71.26824481785846,-59661,-33307,,-596.61,-333.07,
2017,la_cuisine,仅5月有销量,1,0,19300,0,193.0,0.0,193.0,,-19300,-193.0,-100.0,,,-19300,,,-193.0
2017,luggage_accessories,两月均有销量,70,60,1253962,814219,12539.62,8142.19,179.1374285714286,135.70316666666668,-439743,-4397.43,-35.068287555763256,-157420,-282323,,-1574.2,-2823.23,
2017,market_place,两月均有销量,22,16,247698,125895,2476.98,1258.95,112.59,78.684375,-121803,-1218.03,-49.17399413802291,-57382,-64421,,-573.82,-644.21,
2017,music,仅6月有销量,0,4,0,106690,0.0,1066.9,,266.725,106690,1066.9,,,,106690,,,1066.9
2017,musical_instruments,两月均有销量,20,20,963944,499305,9639.44,4993.05,481.972,249.6525,-464639,-4646.39,-48.20186649846879,0,-464639,,0.0,-4646.39,
2017,office_furniture,两月均有销量,56,50,840343,727913,8403.43,7279.13,150.06125,145.5826,-112430,-1124.3,-13.379060693074138,-88693,-23737,,-886.93,-237.37,
2017,party_supplies,两月均无销量,0,0,0,0,0.0,0.0,,,0,0.0,,,,,,,
2017,pc_gamer,两月均有销量,1,1,12999,12999,129.99,129.99,129.99,129.99,0,0.0,0.0,0,0,,0.0,0.0,
2017,perfumery,两月均有销量,143,148,1998206,2395432,19982.06,23954.32,139.73468531468532,161.85351351351352,397226,3972.26,19.879131581028183,75397,321829,,753.97,3218.29,
2017,pet_shop,两月均有销量,73,63,815102,512357,8151.02,5123.57,111.65780821917808,81.32650793650794,-302745,-3027.45,-37.141977323083495,-96492,-206253,,-964.92,-2062.53,
2017,portateis_cozinha_e_preparadores_de_alimentos,两月均无销量,0,0,0,0,0.0,0.0,,,0,0.0,,,,,,,
2017,signaling_and_security,两月均有销量,4,1,50885,13400,508.85,134.0,127.2125,134.0,-37485,-374.85,-73.66610985555664,-39182,1697,,-391.82,16.97,
2017,small_appliances,两月均有销量,18,23,524144,969881,5241.44,9698.81,291.19111111111107,421.68739130434784,445737,4457.37,85.0409429469764,178220,267517,,1782.2,2675.17,
2017,small_appliances_home_oven_and_coffee,仅6月有销量,0,1,0,7190,0.0,71.9,,71.9,7190,71.9,,,,7190,,,71.9
2017,sports_leisure,两月均有销量,305,269,3410173,3206693,34101.73,32066.93,111.80895081967213,119.20791821561339,-203480,-2034.8,-5.9668527080590925,-415830,212350,,-4158.3,2123.5,
2017,stationery,两月均有销量,64,38,560018,349357,5600.18,3493.57,87.5028125,91.93605263157895,-210661,-2106.61,-37.61682660200208,-233271,22610,,-2332.71,226.1,
2017,tablets_printing_image,两月均有销量,7,6,151498,59400,1514.98,594.0,216.42571428571426,99.0,-92098,-920.98,-60.79156160477366,-15771,-76327,,-157.71,-763.27,
2017,telephony,两月均有销量,214,157,884439,656173,8844.39,6561.73,41.32892523364486,41.794458598726116,-228266,-2282.66,-25.80912872453612,-236902,8636,,-2369.02,86.36,
2017,toys,两月均有销量,196,156,2217925,1533755,22179.25,15337.55,113.15943877551021,98.3176282051282,-684170,-6841.7,-30.84730096824735,-422954,-261216,,-4229.54,-2612.16,
2017,watches_gifts,两月均有销量,129,119,3661948,2733763,36619.48,27337.63,283.8719379844961,229.7279831932773,-928185,-9281.85,-25.346755333500095,-256800,-671385,,-2568.0,-6713.85,
2018,(unknown),两月均有销量,42,23,309704,238713,3097.04,2387.13,73.73904761904761,103.78826086956522,-70991,-709.91,-22.92220959367654,-168651,97660,,-1686.51,976.6,
2018,agro_industry_and_commerce,两月均有销量,8,10,327975,351580,3279.75,3515.8,409.96875,351.58,23605,236.05,7.197194908148487,76155,-52550,,761.55,-525.5,
2018,air_conditioning,两月均有销量,14,15,185130,356790,1851.3,3567.9,132.2357142857143,237.86,171660,1716.6,92.72403176146491,18505,153155,,185.05,1531.55,
2018,art,两月均有销量,34,28,249197,250014,2491.97,2500.14,73.29323529411765,89.29071428571429,817,8.17,0.32785306404170195,-48775,49592,,-487.75,495.92,
2018,arts_and_craftmanship,仅5月有销量,1,0,8980,0,89.8,0.0,89.8,,-8980,-89.8,-100.0,,,-8980,,,-89.8
2018,audio,两月均有销量,21,20,269768,183069,2697.68,1830.69,128.4609523809524,91.53450000000001,-86699,-866.99,-32.13835592064292,-11000,-75699,,-110.0,-756.99,
2018,auto,两月均有销量,308,295,4085144,4496259,40851.44,44962.59,132.63454545454545,152.4155593220339,411115,4111.15,10.063659934631435,-185283,596398,,-1852.83,5963.98,
2018,baby,两月均有销量,239,223,3325365,3055032,33253.65,30550.32,139.1366108786611,136.99695067264574,-270333,-2703.33,-8.129423386605682,-220907,-49426,,-2209.07,-494.26,
2018,bed_bath_table,两月均有销量,740,764,7126507,7085708,71265.07,70857.08,96.30414864864865,92.74486910994764,-40799,-407.99,-0.5724964558373408,226859,-267658,,2268.59,-2676.58,
2018,books_general_interest,两月均有销量,50,38,592513,327549,5925.13,3275.49,118.5026,86.1971052631579,-264964,-2649.64,-44.718681277879135,-122820,-142144,,-1228.2,-1421.44,
2018,books_imported,两月均有销量,10,9,41092,46817,410.92,468.17,41.092,52.01888888888889,5725,57.25,13.932152243745742,-4656,10381,,-46.56,103.81,
2018,books_technical,两月均有销量,55,26,304053,174743,3040.53,1747.43,55.282363636363634,67.20884615384615,-129310,-1293.1,-42.52876965529036,-177612,48302,,-1776.12,483.02,
2018,christmas_supplies,两月均有销量,6,7,52453,30619,524.53,306.19,87.42166666666667,43.74142857142857,-21834,-218.34,-41.62583646311936,6558,-28392,,65.58,-283.92,
2018,cine_photo,两月均有销量,17,13,210829,43585,2108.29,435.85,124.01705882352941,33.526923076923076,-167244,-1672.44,-79.32684782454027,-31509,-135735,,-315.09,-1357.35,
2018,computers,两月均有销量,13,13,869992,1312700,8699.92,13127.0,669.2246153846153,1009.7692307692308,442708,4427.08,50.88644493282697,0,442708,,0.0,4427.08,
2018,computers_accessories,两月均有销量,453,401,5063183,4180637,50631.83,41806.37,111.77004415011037,104.2552867830424,-882546,-8825.46,-17.43065577523072,-561666,-320880,,-5616.66,-3208.8,
2018,consoles_games,两月均有销量,52,43,527927,690301,5279.27,6903.01,101.52442307692309,160.53511627906977,162374,1623.74,30.756903890121173,-117927,280301,,-1179.27,2803.01,
2018,construction_tools_construction,两月均有销量,125,113,2074860,2294772,20748.6,22947.72,165.9888,203.07716814159292,219912,2199.12,10.598883780110466,-221440,441352,,-2214.4,4413.52,
2018,construction_tools_lights,两月均有销量,38,44,435481,458341,4354.81,4583.41,114.60026315789473,104.1684090909091,22860,228.6,5.249367940277533,65631,-42771,,656.31,-427.71,
2018,construction_tools_safety,两月均有销量,22,16,604501,256537,6045.01,2565.37,274.7731818181818,160.335625,-347964,-3479.64,-57.562187655603545,-130533,-217431,,-1305.33,-2174.31,
2018,cool_stuff,两月均有销量,175,103,2994912,1931637,29949.12,19316.37,171.13782857142857,187.53757281553396,-1063275,-10632.75,-35.50271260057057,-1291231,227956,,-12912.31,2279.56,
2018,costruction_tools_garden,两月均有销量,16,11,107328,79944,1073.28,799.44,67.08,72.67636363636365,-27384,-273.84,-25.514311270125223,-34939,7555,,-349.39,75.55,
2018,costruction_tools_tools,两月均有销量,5,4,41790,52700,417.9,527.0,83.58,131.75,10910,109.1,26.106724096673844,-10767,21677,,-107.67,216.77,
2018,diapers_and_hygiene,两月均有销量,3,7,11700,32100,117.0,321.0,39.0,45.857142857142854,20400,204.0,174.35897435897436,16971,3429,,169.71,34.29,
2018,drinks,两月均有销量,47,33,250599,156707,2505.99,1567.07,53.318936170212766,47.4869696969697,-93892,-938.92,-37.467028998519545,-70564,-23328,,-705.64,-233.28,
2018,dvds_blu_ray,两月均有销量,7,6,43994,38288,439.94,382.88,62.84857142857143,63.81333333333333,-5706,-57.06,-12.969950447788335,-6333,627,,-63.33,6.27,
2018,electronics,两月均有销量,231,191,1617679,966457,16176.79,9664.57,70.02939393939394,50.599842931937175,-651222,-6512.22,-40.25656511582335,-241258,-409964,,-2412.58,-4099.64,
2018,fashio_female_clothing,两月均无销量,0,0,0,0,0.0,0.0,,,0,0.0,,,,,,,
2018,fashion_bags_accessories,两月均有销量,110,87,1149017,786995,11490.17,7869.95,104.4560909090909,90.45919540229885,-362022,-3620.22,-31.507105638994027,-224153,-137869,,-2241.53,-1378.69,
2018,fashion_childrens_clothes,仅6月有销量,0,1,0,8999,0.0,89.99,,89.99,8999,89.99,,,,8999,,,89.99
2018,fashion_male_clothing,两月均有销量,1,7,12999,44780,129.99,447.8,129.99,63.97142857142857,31781,317.81,244.48803754134934,58188,-26407,,581.88,-264.07,
2018,fashion_shoes,两月均有销量,10,10,158270,123058,1582.7,1230.58,158.27,123.05799999999999,-35212,-352.12,-22.248057117583876,0,-35212,,0.0,-352.12,
2018,fashion_sport,两月均无销量,0,0,0,0,0.0,0.0,,,0,0.0,,,,,,,
2018,fashion_underwear_beach,两月均有销量,6,7,20740,12930,207.4,129.3,34.56666666666666,18.47142857142857,-7810,-78.1,-37.65670202507233,2652,-10462,,26.52,-104.62,
2018,fixed_telephony,两月均有销量,16,17,184620,208032,1846.2,2080.32,115.3875,122.37176470588236,23412,234.12,12.68118297042574,11888,11524,,118.88,115.24,
2018,flowers,两月均有销量,1,2,1640,10800,16.4,108.0,16.4,54.0,9160,91.6,558.5365853658536,3520,5640,,35.2,56.4,
2018,food,两月均有销量,44,24,154293,137118,1542.93,1371.18,35.06659090909091,57.1325,-17175,-171.75,-11.1314187941125,-92199,75024,,-921.99,750.24,
2018,food_drink,两月均有销量,25,11,123944,29385,1239.44,293.85,49.577600000000004,26.713636363636365,-94559,-945.59,-76.29171238623894,-53404,-41155,,-534.04,-411.55,
2018,furniture_bedroom,两月均有销量,6,9,148498,155999,1484.98,1559.99,247.49666666666667,173.3322222222222,7501,75.01,5.051246481434093,63124,-55623,,631.24,-556.23,
2018,furniture_decor,两月均有销量,597,402,5370645,4204222,53706.45,42042.22,89.96055276381908,104.5826368159204,-1166423,-11664.23,-21.71849005100877,-1896796,730373,,-18967.96,7303.73,
2018,furniture_living_room,两月均有销量,16,29,272108,354162,2721.08,3541.62,170.0675,122.1248275862069,82054,820.54,30.15493848030929,189925,-107871,,1899.25,-1078.71,
2018,furniture_mattress_and_upholstery,两月均无销量,0,0,0,0,0.0,0.0,,,0,0.0,,,,,,,
2018,garden_tools,两月均有销量,288,184,3770079,1794872,37700.79,17948.72,130.90552083333333,97.54739130434783,-1975207,-19752.07,-52.391660758302415,-1187955,-787252,,-11879.55,-7872.52,
2018,health_beauty,两月均有销量,751,875,9453438,10674572,94534.38,106745.72,125.87800266311584,121.99510857142857,1221134,12211.34,12.917353453843988,1536813,-315679,,15368.13,-3156.79,
2018,home_appliances,两月均有销量,64,65,614967,583038,6149.67,5830.38,96.08859375,89.69815384615386,-31929,-319.29,-5.191985911439151,9289,-41218,,92.89,-412.18,
2018,home_appliances_2,两月均有销量,23,19,1444124,831272,14441.24,8312.72,627.88,437.5115789473684,-612852,-6128.52,-42.43763000961136,-213078,-399774,,-2130.78,-3997.74,
2018,home_comfort_2,仅6月有销量,0,2,0,2580,0.0,25.8,,12.9,2580,25.8,,,,2580,,,25.8
2018,home_confort,两月均有销量,21,16,270870,238649,2708.7,2386.49,128.9857142857143,149.155625,-32221,-322.21,-11.895374164728468,-69535,37314,,-695.35,373.14,
2018,home_construction,两月均有销量,79,71,1015528,909459,10155.28,9094.59,128.54784810126583,128.09281690140847,-106069,-1060.69,-10.444714473653114,-102656,-3413,,-1026.56,-34.13,
2018,housewares,两月均有销量,618,577,6282457,5591261,62824.57,55912.61,101.65788025889968,96.90227036395146,-691196,-6911.96,-11.002001287076059,-407048,-284148,,-4070.48,-2841.48,
2018,industry_commerce_and_business,两月均有销量,40,26,378099,260990,3780.99,2609.9,94.52475,100.38076923076923,-117109,-1171.09,-30.97310492754543,-136434,19325,,-1364.34,193.25,
2018,kitchen_dining_laundry_garden_furniture,两月均有销量,13,29,231009,353843,2310.09,3538.43,177.69923076923078,122.0148275862069,122834,1228.34,53.172820106575934,239771,-116937,,2397.71,-1169.37,
2018,la_cuisine,两月均无销量,0,0,0,0,0.0,0.0,,,0,0.0,,,,,,,
2018,luggage_accessories,两月均有销量,49,36,661846,507088,6618.46,5070.88,135.07061224489797,140.85777777777778,-154758,-1547.58,-23.382780888605506,-179353,24595,,-1793.53,245.95,
2018,market_place,两月均有销量,14,7,95745,55646,957.45,556.46,68.38928571428572,79.49428571428571,-40099,-400.99,-41.8810381743172,-51759,11660,,-517.59,116.6,
2018,music,两月均有销量,5,3,72900,10908,729.0,109.08,145.8,36.36,-61992,-619.92,-85.03703703703704,-18216,-43776,,-182.16,-437.76,
2018,musical_instruments,两月均有销量,61,47,1875707,1617792,18757.07,16177.92,307.4929508196721,344.21106382978724,-257915,-2579.15,-13.75028189370728,-456193,198278,,-4561.93,1982.78,
2018,office_furniture,两月均有销量,104,76,2083587,1212558,20835.87,12125.58,200.34490384615384,159.5471052631579,-871029,-8710.29,-41.804301908199655,-503849,-367180,,-5038.49,-3671.8,
2018,party_supplies,两月均有销量,4,2,10070,8480,100.7,84.8,25.175,42.4,-1590,-15.9,-15.789473684210526,-6758,5168,,-67.58,51.68,
2018,pc_gamer,两月均无销量,0,0,0,0,0.0,0.0,,,0,0.0,,,,,,,
2018,perfumery,两月均有销量,197,186,2448270,2696393,24482.7,26963.93,124.2776649746193,144.96736559139785,248123,2481.23,10.13462567445584,-148085,396208,,-1480.85,3962.08,
2018,pet_shop,两月均有销量,136,178,1170846,1949178,11708.46,19491.78,86.09161764705883,109.50438202247192,778332,7783.32,66.47603527705608,410752,367580,,4107.52,3675.8,
2018,portateis_cozinha_e_preparadores_de_alimentos,仅5月有销量,2,0,195800,0,1958.0,0.0,979.0,,-195800,-1958.0,-100.0,,,-195800,,,-1958.0
2018,signaling_and_security,两月均有销量,7,27,68350,586318,683.5,5863.18,97.64285714285714,217.1548148148148,517968,5179.68,757.8171177761521,314798,203170,,3147.98,2031.7,
2018,small_appliances,两月均有销量,48,49,1062099,1543163,10620.99,15431.63,221.270625,314.9312244897959,481064,4810.64,45.293706142271105,26810,454254,,268.1,4542.54,
2018,small_appliances_home_oven_and_coffee,两月均有销量,9,3,1016160,349900,10161.6,3499.0,1129.0666666666666,1166.3333333333333,-666260,-6662.6,-65.56644622894032,-688620,22360,,-6886.2,223.6,
2018,sports_leisure,两月均有销量,489,419,5920992,4491601,59209.92,44916.01,121.0836809815951,107.19811455847255,-1429391,-14293.91,-24.141072982365117,-798986,-630405,,-7989.86,-6304.05,
2018,stationery,两月均有销量,130,167,1292339,1285908,12923.39,12859.08,99.41069230769232,77.00047904191617,-6431,-64.31,-0.4976248492075222,326361,-332792,,3263.61,-3327.92,
2018,tablets_printing_image,两月均有销量,1,1,4990,5000,49.9,50.0,49.9,50.0,10,0.1,0.20040080160320642,0,10,,0.0,0.1,
2018,telephony,两月均有销量,250,216,1894428,2266986,18944.28,22669.86,75.77712000000001,104.95305555555555,372558,3725.58,19.665988889522325,-307241,679799,,-3072.41,6797.99,
2018,toys,两月均有销量,218,190,3153841,2109495,31538.41,21094.95,144.67160550458715,111.02605263157895,-1044346,-10443.46,-33.113463868343395,-357977,-686369,,-3579.77,-6863.69,
2018,watches_gifts,两月均有销量,625,477,11936498,8502757,119364.98,85027.57,190.98396799999998,178.2548637316562,-3433741,-34337.41,-28.766737111672118,-2732367,-701374,,-27323.67,-7013.74,
