year,week_start_monday,observed_start,observed_end,week_label,days_in_window,partial_week,weekly_unique_customers,average_daily_unique_customers,sum_of_daily_unique_customer_observations,delivered_orders,week_index
2017,2017-05-01,2017-05-01,2017-05-07,05/01–05/07,7,False,738,105.71428571428571,740,750,1
2017,2017-05-08,2017-05-08,2017-05-14,05/08–05/14,7,False,745,106.57142857142857,746,753,2
2017,2017-05-15,2017-05-15,2017-05-21,05/15–05/21,7,False,897,128.28571428571428,898,916,3
2017,2017-05-22,2017-05-22,2017-05-28,05/22–05/28,7,False,751,107.28571428571429,751,760,4
2017,2017-05-29,2017-05-29,2017-06-04,05/29–06/04,7,False,793,113.42857142857143,794,800,5
2017,2017-06-05,2017-06-05,2017-06-11,06/05–06/11,7,False,797,114.0,798,814,6
2017,2017-06-12,2017-06-12,2017-06-18,06/12–06/18,7,False,714,102.0,714,726,7
2017,2017-06-19,2017-06-19,2017-06-25,06/19–06/25,7,False,624,89.28571428571429,625,635,8
2017,2017-06-26,2017-06-26,2017-06-30,06/26–06/30,5,True,523,104.6,523,527,9
2018,2018-04-30,2018-05-01,2018-05-06,05/01–05/06,6,True,1491,249.0,1494,1499,1
2018,2018-05-07,2018-05-07,2018-05-13,05/07–05/13,7,False,1936,276.7142857142857,1937,1943,2
2018,2018-05-14,2018-05-14,2018-05-20,05/14–05/20,7,False,1797,257.0,1799,1805,3
2018,2018-05-21,2018-05-21,2018-05-27,05/21–05/27,7,False,937,134.14285714285714,939,941,4
2018,2018-05-28,2018-05-28,2018-06-03,05/28–06/03,7,False,1069,153.0,1071,1075,5
2018,2018-06-04,2018-06-04,2018-06-10,06/04–06/10,7,False,1416,202.28571428571428,1416,1422,6
2018,2018-06-11,2018-06-11,2018-06-17,06/11–06/17,7,False,1493,213.57142857142858,1495,1497,7
2018,2018-06-18,2018-06-18,2018-06-24,06/18–06/24,7,False,1439,205.71428571428572,1440,1443,8
2018,2018-06-25,2018-06-25,2018-06-30,06/25–06/30,6,True,1219,203.33333333333334,1220,1223,9
