period,year,month,weekday_number_monday_zero,weekday_zh,days_in_weekday_group,sum_of_daily_unique_customer_observations,average_daily_unique_customers,average_daily_delivered_orders,monthly_unique_customers,days_in_month
2017-05,2017,5,0,周一,5,667,133.4,135.2,3479,31
2017-05,2017,5,1,周二,5,605,121.0,121.8,3479,31
2017-05,2017,5,2,周三,5,601,120.2,121.4,3479,31
2017-05,2017,5,3,周四,4,452,113.0,114.5,3479,31
2017-05,2017,5,4,周五,4,417,104.25,106.5,3479,31
2017-05,2017,5,5,周六,4,312,78.0,79.25,3479,31
2017-05,2017,5,6,周日,4,447,111.75,113.25,3479,31
2017-06,2017,6,0,周一,4,474,118.5,120.5,3076,30
2017-06,2017,6,1,周二,4,475,118.75,119.75,3076,30
2017-06,2017,6,2,周三,4,396,99.0,100.25,3076,30
2017-06,2017,6,3,周四,5,541,108.2,110.6,3076,30
2017-06,2017,6,4,周五,5,512,102.4,103.6,3076,30
2017-06,2017,6,5,周六,4,303,75.75,76.5,3076,30
2017-06,2017,6,6,周日,4,387,96.75,99.0,3076,30
2018-05,2018,5,0,周一,4,1058,264.5,264.75,6693,31
2018-05,2018,5,1,周二,5,1266,253.2,253.4,6693,31
2018-05,2018,5,2,周三,5,1239,247.8,248.6,6693,31
2018-05,2018,5,3,周四,5,1035,207.0,208.4,6693,31
2018-05,2018,5,4,周五,4,840,210.0,210.25,6693,31
2018-05,2018,5,5,周六,4,626,156.5,157.0,6693,31
2018-05,2018,5,6,周日,4,665,166.25,167.25,6693,31
2018-06,2018,6,0,周一,4,993,248.25,249.25,6061,30
2018-06,2018,6,1,周二,4,904,226.0,226.5,6061,30
2018-06,2018,6,2,周三,4,909,227.25,227.5,6061,30
2018-06,2018,6,3,周四,4,903,225.75,226.25,6061,30
2018-06,2018,6,4,周五,5,905,181.0,181.8,6061,30
2018-06,2018,6,5,周六,5,741,148.2,148.8,6061,30
2018-06,2018,6,6,周日,4,727,181.75,182.0,6061,30
